file_x,file_y,decision,distance,prediction
dataset/img1.jpg,dataset/img2.jpg,Yes,0.5013,Yes
dataset/img1.jpg,dataset/img3.jpg,Yes,0.4271,Yes
dataset/img1.jpg,dataset/img4.jpg,Yes,0.4808,Yes
dataset/img2.jpg,dataset/img3.jpg,Yes,0.5103,Yes
dataset/img2.jpg,dataset/img4.jpg,Yes,0.4825,Yes
dataset/img3.jpg,dataset/img4.jpg,Yes,0.4558,Yes
dataset/img5.jpg,dataset/img6.jpg,Yes,0.8143,Yes
dataset/img5.jpg,dataset/img7.jpg,Yes,0.585,Yes
dataset/img5.jpg,dataset/img8.jpg,Yes,0.7349,Yes
dataset/img6.jpg,dataset/img7.jpg,Yes,0.5224,Yes
dataset/img6.jpg,dataset/img8.jpg,Yes,0.5936,Yes
dataset/img7.jpg,dataset/img8.jpg,Yes,0.5701,Yes
dataset/img9.jpg,dataset/img10.jpg,Yes,0.6519,Yes
dataset/img9.jpg,dataset/img11.jpg,Yes,0.7931,Yes
dataset/img9.jpg,dataset/img12.jpg,Yes,0.687,Yes
dataset/img10.jpg,dataset/img11.jpg,Yes,0.5365,Yes
dataset/img10.jpg,dataset/img12.jpg,Yes,0.7207,Yes
dataset/img11.jpg,dataset/img12.jpg,Yes,0.5775,Yes
dataset/img13.jpg,dataset/img14.jpg,Yes,0.55,Yes
dataset/img13.jpg,dataset/img15.jpg,Yes,0.4556,Yes
dataset/img13.jpg,dataset/img16.jpg,Yes,0.7333,Yes
dataset/img14.jpg,dataset/img15.jpg,Yes,0.4881,Yes
dataset/img14.jpg,dataset/img16.jpg,Yes,0.5749,Yes
dataset/img15.jpg,dataset/img16.jpg,Yes,0.5577,Yes
dataset/img17.jpg,dataset/img18.jpg,Yes,0.4743,Yes
dataset/img17.jpg,dataset/img19.jpg,Yes,0.7255,Yes
dataset/img17.jpg,dataset/img20.jpg,Yes,0.6756,Yes
dataset/img18.jpg,dataset/img19.jpg,Yes,0.6031,Yes
dataset/img18.jpg,dataset/img20.jpg,Yes,0.542,Yes
dataset/img19.jpg,dataset/img20.jpg,Yes,0.6885,Yes
dataset/img21.jpg,dataset/img22.jpg,Yes,0.6645,Yes
dataset/img21.jpg,dataset/img23.jpg,Yes,0.6699,Yes
dataset/img21.jpg,dataset/img24.jpg,Yes,0.4923,Yes
dataset/img22.jpg,dataset/img23.jpg,Yes,0.7179,Yes
dataset/img22.jpg,dataset/img24.jpg,Yes,0.5748,Yes
dataset/img23.jpg,dataset/img24.jpg,Yes,0.557,Yes
dataset/img25.jpg,dataset/img26.jpg,Yes,0.6694,Yes
dataset/img25.jpg,dataset/img27.jpg,Yes,0.7266,Yes
dataset/img25.jpg,dataset/img28.jpg,Yes,0.6344,Yes
dataset/img26.jpg,dataset/img27.jpg,Yes,0.7323,Yes
dataset/img26.jpg,dataset/img28.jpg,Yes,0.7989,Yes
dataset/img27.jpg,dataset/img28.jpg,Yes,0.6882,Yes
dataset/img29.jpg,dataset/img30.jpg,Yes,0.6779,Yes
dataset/img29.jpg,dataset/img31.jpg,Yes,0.6758,Yes
dataset/img29.jpg,dataset/img32.jpg,Yes,0.748,Yes
dataset/img30.jpg,dataset/img31.jpg,Yes,0.74,Yes
dataset/img30.jpg,dataset/img32.jpg,Yes,0.7056,Yes
dataset/img31.jpg,dataset/img32.jpg,Yes,0.6614,Yes
dataset/img33.jpg,dataset/img34.jpg,Yes,0.677,Yes
dataset/img33.jpg,dataset/img35.jpg,Yes,0.7288,Yes
dataset/img33.jpg,dataset/img36.jpg,Yes,0.613,Yes
dataset/img34.jpg,dataset/img35.jpg,Yes,0.633,Yes
dataset/img34.jpg,dataset/img36.jpg,Yes,0.5696,Yes
dataset/img35.jpg,dataset/img36.jpg,Yes,0.5259,Yes
dataset/img37.jpg,dataset/img38.jpg,Yes,0.7844,Yes
dataset/img37.jpg,dataset/img39.jpg,Yes,0.795,Yes
dataset/img37.jpg,dataset/img40.jpg,Yes,0.8179,Yes
dataset/img38.jpg,dataset/img39.jpg,Yes,0.7126,Yes
dataset/img38.jpg,dataset/img40.jpg,Yes,0.5498,Yes
dataset/img39.jpg,dataset/img40.jpg,Yes,0.5923,Yes
dataset/img41.jpg,dataset/img42.jpg,Yes,0.8381,Yes
dataset/img41.jpg,dataset/img43.jpg,Yes,0.6436,Yes
dataset/img41.jpg,dataset/img44.jpg,Yes,0.6089,Yes
dataset/img42.jpg,dataset/img43.jpg,Yes,0.6979,Yes
dataset/img42.jpg,dataset/img44.jpg,Yes,0.6332,Yes
dataset/img43.jpg,dataset/img44.jpg,Yes,0.5258,Yes
dataset/img45.jpg,dataset/img46.jpg,Yes,0.5751,Yes
dataset/img45.jpg,dataset/img47.jpg,Yes,0.725,Yes
dataset/img45.jpg,dataset/img48.jpg,Yes,0.6831,Yes
dataset/img46.jpg,dataset/img47.jpg,Yes,0.7575,Yes
dataset/img46.jpg,dataset/img48.jpg,Yes,0.5638,Yes
dataset/img47.jpg,dataset/img48.jpg,Yes,0.6097,Yes
dataset/img1.jpg,dataset/img5.jpg,No,1.1758,No
dataset/img1.jpg,dataset/img6.jpg,No,1.1994,No
dataset/img1.jpg,dataset/img7.jpg,No,1.1511,No
dataset/img1.jpg,dataset/img8.jpg,No,1.1769,No
dataset/img2.jpg,dataset/img5.jpg,No,1.2358,No
dataset/img2.jpg,dataset/img6.jpg,No,1.2579,No
dataset/img2.jpg,dataset/img7.jpg,No,1.2463,No
dataset/img2.jpg,dataset/img8.jpg,No,1.1889,No
dataset/img3.jpg,dataset/img5.jpg,No,1.2018,No
dataset/img3.jpg,dataset/img6.jpg,No,1.2385,No
dataset/img3.jpg,dataset/img7.jpg,No,1.1914,No
dataset/img3.jpg,dataset/img8.jpg,No,1.2123,No
dataset/img4.jpg,dataset/img5.jpg,No,1.2043,No
dataset/img4.jpg,dataset/img6.jpg,No,1.2175,No
dataset/img4.jpg,dataset/img7.jpg,No,1.1775,No
dataset/img4.jpg,dataset/img8.jpg,No,1.1881,No
dataset/img1.jpg,dataset/img9.jpg,No,1.4498,No
dataset/img1.jpg,dataset/img10.jpg,No,1.4371,No
dataset/img1.jpg,dataset/img11.jpg,No,1.3958,No
dataset/img1.jpg,dataset/img12.jpg,No,1.3304,No
dataset/img2.jpg,dataset/img9.jpg,No,1.3754,No
dataset/img2.jpg,dataset/img10.jpg,No,1.3807,No
dataset/img2.jpg,dataset/img11.jpg,No,1.3416,No
dataset/img2.jpg,dataset/img12.jpg,No,1.2885,No
dataset/img3.jpg,dataset/img9.jpg,No,1.4803,No
dataset/img3.jpg,dataset/img10.jpg,No,1.4496,No
dataset/img3.jpg,dataset/img11.jpg,No,1.4192,No
dataset/img3.jpg,dataset/img12.jpg,No,1.3663,No
dataset/img4.jpg,dataset/img9.jpg,No,1.4542,No
dataset/img4.jpg,dataset/img10.jpg,No,1.4225,No
dataset/img4.jpg,dataset/img11.jpg,No,1.417,No
dataset/img4.jpg,dataset/img12.jpg,No,1.3828,No
dataset/img1.jpg,dataset/img13.jpg,No,1.3205,No
dataset/img1.jpg,dataset/img14.jpg,No,1.34,No
dataset/img1.jpg,dataset/img15.jpg,No,1.3168,No
dataset/img1.jpg,dataset/img16.jpg,No,1.3545,No
dataset/img2.jpg,dataset/img13.jpg,No,1.2566,No
dataset/img2.jpg,dataset/img14.jpg,No,1.3112,No
dataset/img2.jpg,dataset/img15.jpg,No,1.2527,No
dataset/img2.jpg,dataset/img16.jpg,No,1.3391,No
dataset/img3.jpg,dataset/img13.jpg,No,1.3618,No
dataset/img3.jpg,dataset/img14.jpg,No,1.3862,No
dataset/img3.jpg,dataset/img15.jpg,No,1.3345,No
dataset/img3.jpg,dataset/img16.jpg,No,1.3927,No
dataset/img4.jpg,dataset/img13.jpg,No,1.3475,No
dataset/img4.jpg,dataset/img14.jpg,No,1.4072,No
dataset/img4.jpg,dataset/img15.jpg,No,1.3529,No
dataset/img4.jpg,dataset/img16.jpg,No,1.4094,No
dataset/img1.jpg,dataset/img17.jpg,No,1.6373,No
dataset/img1.jpg,dataset/img18.jpg,No,1.6138,No
dataset/img1.jpg,dataset/img19.jpg,No,1.4561,No
dataset/img1.jpg,dataset/img20.jpg,No,1.4939,No
dataset/img2.jpg,dataset/img17.jpg,No,1.6372,No
dataset/img2.jpg,dataset/img18.jpg,No,1.5854,No
dataset/img2.jpg,dataset/img19.jpg,No,1.4288,No
dataset/img2.jpg,dataset/img20.jpg,No,1.4852,No
dataset/img3.jpg,dataset/img17.jpg,No,1.6447,No
dataset/img3.jpg,dataset/img18.jpg,No,1.2451,No
dataset/img3.jpg,dataset/img19.jpg,No,1.4742,No
dataset/img3.jpg,dataset/img20.jpg,No,1.529,No
dataset/img4.jpg,dataset/img17.jpg,No,1.6718,No
dataset/img4.jpg,dataset/img18.jpg,No,1.6121,No
dataset/img4.jpg,dataset/img19.jpg,No,1.4318,No
dataset/img4.jpg,dataset/img20.jpg,No,1.5275,No
dataset/img1.jpg,dataset/img21.jpg,No,1.3692,No
dataset/img1.jpg,dataset/img22.jpg,No,1.3903,No
dataset/img1.jpg,dataset/img23.jpg,No,1.4625,No
dataset/img1.jpg,dataset/img24.jpg,No,1.3694,No
dataset/img2.jpg,dataset/img21.jpg,No,1.3498,No
dataset/img2.jpg,dataset/img22.jpg,No,1.406,No
dataset/img2.jpg,dataset/img23.jpg,No,1.4789,No
dataset/img2.jpg,dataset/img24.jpg,No,1.3524,No
dataset/img3.jpg,dataset/img21.jpg,No,1.4083,No
dataset/img3.jpg,dataset/img22.jpg,No,1.3446,No
dataset/img3.jpg,dataset/img23.jpg,No,1.4771,No
dataset/img3.jpg,dataset/img24.jpg,No,1.3706,No
dataset/img4.jpg,dataset/img21.jpg,No,1.3735,No
dataset/img4.jpg,dataset/img22.jpg,No,1.4122,No
dataset/img4.jpg,dataset/img23.jpg,No,1.4991,No
dataset/img4.jpg,dataset/img24.jpg,No,1.3655,No
dataset/img1.jpg,dataset/img25.jpg,No,1.3201,No
dataset/img1.jpg,dataset/img26.jpg,No,1.4775,No
dataset/img1.jpg,dataset/img27.jpg,No,1.3217,No
dataset/img1.jpg,dataset/img28.jpg,No,1.2969,No
dataset/img2.jpg,dataset/img25.jpg,No,1.2585,No
dataset/img2.jpg,dataset/img26.jpg,No,1.4171,No
dataset/img2.jpg,dataset/img27.jpg,No,1.3183,No
dataset/img2.jpg,dataset/img28.jpg,No,1.2171,No
dataset/img3.jpg,dataset/img25.jpg,No,1.3458,No
dataset/img3.jpg,dataset/img26.jpg,No,1.4924,No
dataset/img3.jpg,dataset/img27.jpg,No,1.3585,No
dataset/img3.jpg,dataset/img28.jpg,No,1.3031,No
dataset/img4.jpg,dataset/img25.jpg,No,1.3493,No
dataset/img4.jpg,dataset/img26.jpg,No,1.4823,No
dataset/img4.jpg,dataset/img27.jpg,No,1.3677,No
dataset/img4.jpg,dataset/img28.jpg,No,1.2897,No
dataset/img1.jpg,dataset/img29.jpg,No,1.3952,No
dataset/img1.jpg,dataset/img30.jpg,No,1.4029,No
dataset/img1.jpg,dataset/img31.jpg,No,1.4085,No
dataset/img1.jpg,dataset/img32.jpg,No,1.3882,No
dataset/img2.jpg,dataset/img29.jpg,No,1.3192,No
dataset/img2.jpg,dataset/img30.jpg,No,1.3405,No
dataset/img2.jpg,dataset/img31.jpg,No,1.3514,No
dataset/img2.jpg,dataset/img32.jpg,No,1.2916,No
dataset/img3.jpg,dataset/img29.jpg,No,1.3897,No
dataset/img3.jpg,dataset/img30.jpg,No,1.4161,No
dataset/img3.jpg,dataset/img31.jpg,No,1.4352,No
dataset/img3.jpg,dataset/img32.jpg,No,1.3731,No
dataset/img4.jpg,dataset/img29.jpg,No,1.3914,No
dataset/img4.jpg,dataset/img30.jpg,No,1.4305,No
dataset/img4.jpg,dataset/img31.jpg,No,1.3936,No
dataset/img4.jpg,dataset/img32.jpg,No,1.3664,No
dataset/img1.jpg,dataset/img33.jpg,No,1.4271,No
dataset/img1.jpg,dataset/img34.jpg,No,1.2865,No
dataset/img1.jpg,dataset/img35.jpg,No,1.2614,No
dataset/img1.jpg,dataset/img36.jpg,No,1.3687,No
dataset/img2.jpg,dataset/img33.jpg,No,1.4776,No
dataset/img2.jpg,dataset/img34.jpg,No,1.3626,No
dataset/img2.jpg,dataset/img35.jpg,No,1.2591,No
dataset/img2.jpg,dataset/img36.jpg,No,1.3764,No
dataset/img3.jpg,dataset/img33.jpg,No,1.4074,No
dataset/img3.jpg,dataset/img34.jpg,No,1.3101,No
dataset/img3.jpg,dataset/img35.jpg,No,1.2081,No
dataset/img3.jpg,dataset/img36.jpg,No,1.3271,No
dataset/img4.jpg,dataset/img33.jpg,No,1.4459,No
dataset/img4.jpg,dataset/img34.jpg,No,1.3647,No
dataset/img4.jpg,dataset/img35.jpg,No,1.2459,No
dataset/img4.jpg,dataset/img36.jpg,No,1.3869,No
dataset/img1.jpg,dataset/img37.jpg,No,1.4017,No
dataset/img1.jpg,dataset/img38.jpg,No,1.4537,No
dataset/img1.jpg,dataset/img39.jpg,No,1.4673,No
dataset/img1.jpg,dataset/img40.jpg,No,1.4544,No
dataset/img2.jpg,dataset/img37.jpg,No,1.4433,No
dataset/img2.jpg,dataset/img38.jpg,No,1.4773,No
dataset/img2.jpg,dataset/img39.jpg,No,1.4727,No
dataset/img2.jpg,dataset/img40.jpg,No,1.469,No
dataset/img3.jpg,dataset/img37.jpg,No,1.47,No
dataset/img3.jpg,dataset/img38.jpg,No,1.5191,No
dataset/img3.jpg,dataset/img39.jpg,No,1.5413,No
dataset/img3.jpg,dataset/img40.jpg,No,1.4963,No
dataset/img4.jpg,dataset/img37.jpg,No,1.3588,No
dataset/img4.jpg,dataset/img38.jpg,No,1.4484,No
dataset/img4.jpg,dataset/img39.jpg,No,1.4913,No
dataset/img4.jpg,dataset/img40.jpg,No,1.4593,No
dataset/img1.jpg,dataset/img41.jpg,No,1.4265,No
dataset/img1.jpg,dataset/img42.jpg,No,1.3228,No
dataset/img1.jpg,dataset/img43.jpg,No,1.3164,No
dataset/img1.jpg,dataset/img44.jpg,No,1.2774,No
dataset/img2.jpg,dataset/img41.jpg,No,1.4307,No
dataset/img2.jpg,dataset/img42.jpg,No,1.3337,No
dataset/img2.jpg,dataset/img43.jpg,No,1.3287,No
dataset/img2.jpg,dataset/img44.jpg,No,1.2985,No
dataset/img3.jpg,dataset/img41.jpg,No,1.4688,No
dataset/img3.jpg,dataset/img42.jpg,No,1.3751,No
dataset/img3.jpg,dataset/img43.jpg,No,1.3978,No
dataset/img3.jpg,dataset/img44.jpg,No,1.3475,No
dataset/img4.jpg,dataset/img41.jpg,No,1.4448,No
dataset/img4.jpg,dataset/img42.jpg,No,1.342,No
dataset/img4.jpg,dataset/img43.jpg,No,1.3528,No
dataset/img4.jpg,dataset/img44.jpg,No,1.3458,No
dataset/img1.jpg,dataset/img45.jpg,No,1.4985,No
dataset/img1.jpg,dataset/img46.jpg,No,1.4775,No
dataset/img1.jpg,dataset/img47.jpg,No,1.3661,No
dataset/img1.jpg,dataset/img48.jpg,No,1.4137,No
dataset/img2.jpg,dataset/img45.jpg,No,1.4505,No
dataset/img2.jpg,dataset/img46.jpg,No,1.4484,No
dataset/img2.jpg,dataset/img47.jpg,No,1.3529,No
dataset/img2.jpg,dataset/img48.jpg,No,1.3772,No
dataset/img3.jpg,dataset/img45.jpg,No,1.4422,No
dataset/img3.jpg,dataset/img46.jpg,No,1.461,No
dataset/img3.jpg,dataset/img47.jpg,No,1.3456,No
dataset/img3.jpg,dataset/img48.jpg,No,1.4083,No
dataset/img4.jpg,dataset/img45.jpg,No,1.3946,No
dataset/img4.jpg,dataset/img46.jpg,No,1.3891,No
dataset/img4.jpg,dataset/img47.jpg,No,1.263,No
dataset/img4.jpg,dataset/img48.jpg,No,1.315,No
dataset/img5.jpg,dataset/img9.jpg,No,1.3826,No
dataset/img5.jpg,dataset/img10.jpg,No,1.3866,No
dataset/img5.jpg,dataset/img11.jpg,No,1.3839,No
dataset/img5.jpg,dataset/img12.jpg,No,1.3298,No
dataset/img6.jpg,dataset/img9.jpg,No,1.3529,No
dataset/img6.jpg,dataset/img10.jpg,No,1.3571,No
dataset/img6.jpg,dataset/img11.jpg,No,1.3839,No
dataset/img6.jpg,dataset/img12.jpg,No,1.3846,No
dataset/img7.jpg,dataset/img9.jpg,No,1.3867,No
dataset/img7.jpg,dataset/img10.jpg,No,1.4104,No
dataset/img7.jpg,dataset/img11.jpg,No,1.3962,No
dataset/img7.jpg,dataset/img12.jpg,No,1.3758,No
dataset/img8.jpg,dataset/img9.jpg,No,1.3824,No
dataset/img8.jpg,dataset/img10.jpg,No,1.3874,No
dataset/img8.jpg,dataset/img11.jpg,No,1.3358,No
dataset/img8.jpg,dataset/img12.jpg,No,1.3297,No
dataset/img5.jpg,dataset/img13.jpg,No,1.2631,No
dataset/img5.jpg,dataset/img14.jpg,No,1.2433,No
dataset/img5.jpg,dataset/img15.jpg,No,1.2546,No
dataset/img5.jpg,dataset/img16.jpg,No,1.2706,No
dataset/img6.jpg,dataset/img13.jpg,No,1.3019,No
dataset/img6.jpg,dataset/img14.jpg,No,1.2576,No
dataset/img6.jpg,dataset/img15.jpg,No,1.3011,No
dataset/img6.jpg,dataset/img16.jpg,No,1.2551,No
dataset/img7.jpg,dataset/img13.jpg,No,1.2681,No
dataset/img7.jpg,dataset/img14.jpg,No,1.2248,No
dataset/img7.jpg,dataset/img15.jpg,No,1.2297,No
dataset/img7.jpg,dataset/img16.jpg,No,1.2118,No
dataset/img8.jpg,dataset/img13.jpg,No,1.2669,No
dataset/img8.jpg,dataset/img14.jpg,No,1.2215,No
dataset/img8.jpg,dataset/img15.jpg,No,1.2104,No
dataset/img8.jpg,dataset/img16.jpg,No,1.2313,No
dataset/img5.jpg,dataset/img17.jpg,No,1.4314,No
dataset/img5.jpg,dataset/img18.jpg,No,1.5373,No
dataset/img5.jpg,dataset/img19.jpg,No,1.4122,No
dataset/img5.jpg,dataset/img20.jpg,No,1.533,No
dataset/img6.jpg,dataset/img17.jpg,No,1.4665,No
dataset/img6.jpg,dataset/img18.jpg,No,1.5467,No
dataset/img6.jpg,dataset/img19.jpg,No,1.362,No
dataset/img6.jpg,dataset/img20.jpg,No,1.578,No
dataset/img7.jpg,dataset/img17.jpg,No,1.477,No
dataset/img7.jpg,dataset/img18.jpg,No,1.5565,No
dataset/img7.jpg,dataset/img19.jpg,No,1.434,No
dataset/img7.jpg,dataset/img20.jpg,No,1.5686,No
dataset/img8.jpg,dataset/img17.jpg,No,1.4863,No
dataset/img8.jpg,dataset/img18.jpg,No,1.5528,No
dataset/img8.jpg,dataset/img19.jpg,No,1.3986,No
dataset/img8.jpg,dataset/img20.jpg,No,1.5882,No
dataset/img5.jpg,dataset/img21.jpg,No,1.246,No
dataset/img5.jpg,dataset/img22.jpg,No,1.1581,No
dataset/img5.jpg,dataset/img23.jpg,No,1.2471,No
dataset/img5.jpg,dataset/img24.jpg,No,1.2394,No
dataset/img6.jpg,dataset/img21.jpg,No,1.3145,No
dataset/img6.jpg,dataset/img22.jpg,No,1.3073,No
dataset/img6.jpg,dataset/img23.jpg,No,1.4154,No
dataset/img6.jpg,dataset/img24.jpg,No,1.3914,No
dataset/img7.jpg,dataset/img21.jpg,No,1.2833,No
dataset/img7.jpg,dataset/img22.jpg,No,1.2139,No
dataset/img7.jpg,dataset/img23.jpg,No,1.3487,No
dataset/img7.jpg,dataset/img24.jpg,No,1.3371,No
dataset/img8.jpg,dataset/img21.jpg,No,1.2449,No
dataset/img8.jpg,dataset/img22.jpg,No,1.2276,No
dataset/img8.jpg,dataset/img23.jpg,No,1.3584,No
dataset/img8.jpg,dataset/img24.jpg,No,1.3257,No
dataset/img5.jpg,dataset/img25.jpg,No,1.447,No
dataset/img5.jpg,dataset/img26.jpg,No,1.4366,No
dataset/img5.jpg,dataset/img27.jpg,No,1.404,No
dataset/img5.jpg,dataset/img28.jpg,No,1.433,No
dataset/img6.jpg,dataset/img25.jpg,No,1.4396,No
dataset/img6.jpg,dataset/img26.jpg,No,1.3941,No
dataset/img6.jpg,dataset/img27.jpg,No,1.3716,No
dataset/img6.jpg,dataset/img28.jpg,No,1.4849,No
dataset/img7.jpg,dataset/img25.jpg,No,1.4309,No
dataset/img7.jpg,dataset/img26.jpg,No,1.4223,No
dataset/img7.jpg,dataset/img27.jpg,No,1.3796,No
dataset/img7.jpg,dataset/img28.jpg,No,1.4727,No
dataset/img8.jpg,dataset/img25.jpg,No,1.4606,No
dataset/img8.jpg,dataset/img26.jpg,No,1.4932,No
dataset/img8.jpg,dataset/img27.jpg,No,1.402,No
dataset/img8.jpg,dataset/img28.jpg,No,1.4535,No
dataset/img5.jpg,dataset/img29.jpg,No,1.4277,No
dataset/img5.jpg,dataset/img30.jpg,No,1.4008,No
dataset/img5.jpg,dataset/img31.jpg,No,1.4386,No
dataset/img5.jpg,dataset/img32.jpg,No,1.4191,No
dataset/img6.jpg,dataset/img29.jpg,No,1.4558,No
dataset/img6.jpg,dataset/img30.jpg,No,1.4292,No
dataset/img6.jpg,dataset/img31.jpg,No,1.4332,No
dataset/img6.jpg,dataset/img32.jpg,No,1.4414,No
dataset/img7.jpg,dataset/img29.jpg,No,1.4181,No
dataset/img7.jpg,dataset/img30.jpg,No,1.3942,No
dataset/img7.jpg,dataset/img31.jpg,No,1.3866,No
dataset/img7.jpg,dataset/img32.jpg,No,1.3853,No
dataset/img8.jpg,dataset/img29.jpg,No,1.4258,No
dataset/img8.jpg,dataset/img30.jpg,No,1.386,No
dataset/img8.jpg,dataset/img31.jpg,No,1.4489,No
dataset/img8.jpg,dataset/img32.jpg,No,1.3699,No
dataset/img5.jpg,dataset/img33.jpg,No,1.2631,No
dataset/img5.jpg,dataset/img34.jpg,No,1.2781,No
dataset/img5.jpg,dataset/img35.jpg,No,1.2195,No
dataset/img5.jpg,dataset/img36.jpg,No,1.3117,No
dataset/img6.jpg,dataset/img33.jpg,No,1.3424,No
dataset/img6.jpg,dataset/img34.jpg,No,1.3265,No
dataset/img6.jpg,dataset/img35.jpg,No,1.2405,No
dataset/img6.jpg,dataset/img36.jpg,No,1.3269,No
dataset/img7.jpg,dataset/img33.jpg,No,1.2588,No
dataset/img7.jpg,dataset/img34.jpg,No,1.2248,No
dataset/img7.jpg,dataset/img35.jpg,No,1.1736,No
dataset/img7.jpg,dataset/img36.jpg,No,1.2861,No
dataset/img8.jpg,dataset/img33.jpg,No,1.3082,No
dataset/img8.jpg,dataset/img34.jpg,No,1.3284,No
dataset/img8.jpg,dataset/img35.jpg,No,1.2289,No
dataset/img8.jpg,dataset/img36.jpg,No,1.3175,No
dataset/img5.jpg,dataset/img37.jpg,No,1.4055,No
dataset/img5.jpg,dataset/img38.jpg,No,1.4189,No
dataset/img5.jpg,dataset/img39.jpg,No,1.455,No
dataset/img5.jpg,dataset/img40.jpg,No,1.46,No
dataset/img6.jpg,dataset/img37.jpg,No,1.3774,No
dataset/img6.jpg,dataset/img38.jpg,No,1.4179,No
dataset/img6.jpg,dataset/img39.jpg,No,1.4287,No
dataset/img6.jpg,dataset/img40.jpg,No,1.483,No
dataset/img7.jpg,dataset/img37.jpg,No,1.354,No
dataset/img7.jpg,dataset/img38.jpg,No,1.4244,No
dataset/img7.jpg,dataset/img39.jpg,No,1.4337,No
dataset/img7.jpg,dataset/img40.jpg,No,1.4778,No
dataset/img8.jpg,dataset/img37.jpg,No,1.3749,No
dataset/img8.jpg,dataset/img38.jpg,No,1.4077,No
dataset/img8.jpg,dataset/img39.jpg,No,1.4556,No
dataset/img8.jpg,dataset/img40.jpg,No,1.4963,No
dataset/img5.jpg,dataset/img41.jpg,No,1.3856,No
dataset/img5.jpg,dataset/img42.jpg,No,1.5218,No
dataset/img5.jpg,dataset/img43.jpg,No,1.4213,No
dataset/img5.jpg,dataset/img44.jpg,No,1.4093,No
dataset/img6.jpg,dataset/img41.jpg,No,1.4132,No
dataset/img6.jpg,dataset/img42.jpg,No,1.4757,No
dataset/img6.jpg,dataset/img43.jpg,No,1.401,No
dataset/img6.jpg,dataset/img44.jpg,No,1.4088,No
dataset/img7.jpg,dataset/img41.jpg,No,1.4218,No
dataset/img7.jpg,dataset/img42.jpg,No,1.5262,No
dataset/img7.jpg,dataset/img43.jpg,No,1.4273,No
dataset/img7.jpg,dataset/img44.jpg,No,1.4312,No
dataset/img8.jpg,dataset/img41.jpg,No,1.3802,No
dataset/img8.jpg,dataset/img42.jpg,No,1.4495,No
dataset/img8.jpg,dataset/img43.jpg,No,1.4185,No
dataset/img8.jpg,dataset/img44.jpg,No,1.4037,No
dataset/img5.jpg,dataset/img45.jpg,No,1.5787,No
dataset/img5.jpg,dataset/img46.jpg,No,1.4975,No
dataset/img5.jpg,dataset/img47.jpg,No,1.4185,No
dataset/img5.jpg,dataset/img48.jpg,No,1.4552,No
dataset/img6.jpg,dataset/img45.jpg,No,1.4094,No
dataset/img6.jpg,dataset/img46.jpg,No,1.3486,No
dataset/img6.jpg,dataset/img47.jpg,No,1.2328,No
dataset/img6.jpg,dataset/img48.jpg,No,1.3528,No
dataset/img7.jpg,dataset/img45.jpg,No,1.472,No
dataset/img7.jpg,dataset/img46.jpg,No,1.4215,No
dataset/img7.jpg,dataset/img47.jpg,No,1.279,No
dataset/img7.jpg,dataset/img48.jpg,No,1.3611,No
dataset/img8.jpg,dataset/img45.jpg,No,1.4743,No
dataset/img8.jpg,dataset/img46.jpg,No,1.4287,No
dataset/img8.jpg,dataset/img47.jpg,No,1.3256,No
dataset/img8.jpg,dataset/img48.jpg,No,1.3829,No
dataset/img9.jpg,dataset/img13.jpg,No,1.3075,No
dataset/img9.jpg,dataset/img14.jpg,No,1.3082,No
dataset/img9.jpg,dataset/img15.jpg,No,1.3015,No
dataset/img9.jpg,dataset/img16.jpg,No,1.2864,No
dataset/img10.jpg,dataset/img13.jpg,No,1.376,No
dataset/img10.jpg,dataset/img14.jpg,No,1.3602,No
dataset/img10.jpg,dataset/img15.jpg,No,1.3639,No
dataset/img10.jpg,dataset/img16.jpg,No,1.3256,No
dataset/img11.jpg,dataset/img13.jpg,No,1.3038,No
dataset/img11.jpg,dataset/img14.jpg,No,1.317,No
dataset/img11.jpg,dataset/img15.jpg,No,1.2839,No
dataset/img11.jpg,dataset/img16.jpg,No,1.245,No
dataset/img12.jpg,dataset/img13.jpg,No,1.2749,No
dataset/img12.jpg,dataset/img14.jpg,No,1.2598,No
dataset/img12.jpg,dataset/img15.jpg,No,1.2621,No
dataset/img12.jpg,dataset/img16.jpg,No,1.2151,No
dataset/img9.jpg,dataset/img17.jpg,No,1.3996,No
dataset/img9.jpg,dataset/img18.jpg,No,1.4294,No
dataset/img9.jpg,dataset/img19.jpg,No,1.3572,No
dataset/img9.jpg,dataset/img20.jpg,No,1.338,No
dataset/img10.jpg,dataset/img17.jpg,No,1.3351,No
dataset/img10.jpg,dataset/img18.jpg,No,1.4456,No
dataset/img10.jpg,dataset/img19.jpg,No,1.3129,No
dataset/img10.jpg,dataset/img20.jpg,No,1.3565,No
dataset/img11.jpg,dataset/img17.jpg,No,1.3423,No
dataset/img11.jpg,dataset/img18.jpg,No,1.3761,No
dataset/img11.jpg,dataset/img19.jpg,No,1.3511,No
dataset/img11.jpg,dataset/img20.jpg,No,1.356,No
dataset/img12.jpg,dataset/img17.jpg,No,1.4876,No
dataset/img12.jpg,dataset/img18.jpg,No,1.492,No
dataset/img12.jpg,dataset/img19.jpg,No,1.4191,No
dataset/img12.jpg,dataset/img20.jpg,No,1.4301,No
dataset/img9.jpg,dataset/img21.jpg,No,1.4226,No
dataset/img9.jpg,dataset/img22.jpg,No,1.5215,No
dataset/img9.jpg,dataset/img23.jpg,No,1.492,No
dataset/img9.jpg,dataset/img24.jpg,No,1.4336,No
dataset/img10.jpg,dataset/img21.jpg,No,1.3597,No
dataset/img10.jpg,dataset/img22.jpg,No,1.3808,No
dataset/img10.jpg,dataset/img23.jpg,No,1.4092,No
dataset/img10.jpg,dataset/img24.jpg,No,1.2825,No
dataset/img11.jpg,dataset/img21.jpg,No,1.4332,No
dataset/img11.jpg,dataset/img22.jpg,No,1.5003,No
dataset/img11.jpg,dataset/img23.jpg,No,1.4472,No
dataset/img11.jpg,dataset/img24.jpg,No,1.3946,No
dataset/img12.jpg,dataset/img21.jpg,No,1.4324,No
dataset/img12.jpg,dataset/img22.jpg,No,1.51,No
dataset/img12.jpg,dataset/img23.jpg,No,1.454,No
dataset/img12.jpg,dataset/img24.jpg,No,1.4134,No
dataset/img9.jpg,dataset/img25.jpg,No,1.3412,No
dataset/img9.jpg,dataset/img26.jpg,No,1.3409,No
dataset/img9.jpg,dataset/img27.jpg,No,1.3571,No
dataset/img9.jpg,dataset/img28.jpg,No,1.3564,No
dataset/img10.jpg,dataset/img25.jpg,No,1.5085,No
dataset/img10.jpg,dataset/img26.jpg,No,1.4431,No
dataset/img10.jpg,dataset/img27.jpg,No,1.4837,No
dataset/img10.jpg,dataset/img28.jpg,No,1.4347,No
dataset/img11.jpg,dataset/img25.jpg,No,1.4899,No
dataset/img11.jpg,dataset/img26.jpg,No,1.4746,No
dataset/img11.jpg,dataset/img27.jpg,No,1.4433,No
dataset/img11.jpg,dataset/img28.jpg,No,1.4155,No
dataset/img12.jpg,dataset/img25.jpg,No,1.3977,No
dataset/img12.jpg,dataset/img26.jpg,No,1.4412,No
dataset/img12.jpg,dataset/img27.jpg,No,1.3588,No
dataset/img12.jpg,dataset/img28.jpg,No,1.2971,No
dataset/img9.jpg,dataset/img29.jpg,No,1.3777,No
dataset/img9.jpg,dataset/img30.jpg,No,1.3811,No
dataset/img9.jpg,dataset/img31.jpg,No,1.4118,No
dataset/img9.jpg,dataset/img32.jpg,No,1.4125,No
dataset/img10.jpg,dataset/img29.jpg,No,1.3929,No
dataset/img10.jpg,dataset/img30.jpg,No,1.3755,No
dataset/img10.jpg,dataset/img31.jpg,No,1.3858,No
dataset/img10.jpg,dataset/img32.jpg,No,1.3586,No
dataset/img11.jpg,dataset/img29.jpg,No,1.3002,No
dataset/img11.jpg,dataset/img30.jpg,No,1.2699,No
dataset/img11.jpg,dataset/img31.jpg,No,1.3146,No
dataset/img11.jpg,dataset/img32.jpg,No,1.3158,No
dataset/img12.jpg,dataset/img29.jpg,No,1.2676,No
dataset/img12.jpg,dataset/img30.jpg,No,1.259,No
dataset/img12.jpg,dataset/img31.jpg,No,1.2972,No
dataset/img12.jpg,dataset/img32.jpg,No,1.3015,No
dataset/img9.jpg,dataset/img33.jpg,No,1.5131,No
dataset/img9.jpg,dataset/img34.jpg,No,1.4611,No
dataset/img9.jpg,dataset/img35.jpg,No,1.4921,No
dataset/img9.jpg,dataset/img36.jpg,No,1.429,No
dataset/img10.jpg,dataset/img33.jpg,No,1.431,No
dataset/img10.jpg,dataset/img34.jpg,No,1.426,No
dataset/img10.jpg,dataset/img35.jpg,No,1.4432,No
dataset/img10.jpg,dataset/img36.jpg,No,1.3461,No
dataset/img11.jpg,dataset/img33.jpg,No,1.4391,No
dataset/img11.jpg,dataset/img34.jpg,No,1.3659,No
dataset/img11.jpg,dataset/img35.jpg,No,1.3605,No
dataset/img11.jpg,dataset/img36.jpg,No,1.3389,No
dataset/img12.jpg,dataset/img33.jpg,No,1.5027,No
dataset/img12.jpg,dataset/img34.jpg,No,1.4455,No
dataset/img12.jpg,dataset/img35.jpg,No,1.4896,No
dataset/img12.jpg,dataset/img36.jpg,No,1.4356,No
dataset/img9.jpg,dataset/img37.jpg,No,1.273,No
dataset/img9.jpg,dataset/img38.jpg,No,1.3026,No
dataset/img9.jpg,dataset/img39.jpg,No,1.2939,No
dataset/img9.jpg,dataset/img40.jpg,No,1.2879,No
dataset/img10.jpg,dataset/img37.jpg,No,1.1972,No
dataset/img10.jpg,dataset/img38.jpg,No,1.3062,No
dataset/img10.jpg,dataset/img39.jpg,No,1.2719,No
dataset/img10.jpg,dataset/img40.jpg,No,1.285,No
dataset/img11.jpg,dataset/img37.jpg,No,1.2964,No
dataset/img11.jpg,dataset/img38.jpg,No,1.3989,No
dataset/img11.jpg,dataset/img39.jpg,No,1.3545,No
dataset/img11.jpg,dataset/img40.jpg,No,1.3629,No
dataset/img12.jpg,dataset/img37.jpg,No,1.3102,No
dataset/img12.jpg,dataset/img38.jpg,No,1.3476,No
dataset/img12.jpg,dataset/img39.jpg,No,1.3184,No
dataset/img12.jpg,dataset/img40.jpg,No,1.3186,No
dataset/img9.jpg,dataset/img41.jpg,No,1.3513,No
dataset/img9.jpg,dataset/img42.jpg,No,1.452,No
dataset/img9.jpg,dataset/img43.jpg,No,1.4396,No
dataset/img9.jpg,dataset/img44.jpg,No,1.3838,No
dataset/img10.jpg,dataset/img41.jpg,No,1.3288,No
dataset/img10.jpg,dataset/img42.jpg,No,1.4392,No
dataset/img10.jpg,dataset/img43.jpg,No,1.456,No
dataset/img10.jpg,dataset/img44.jpg,No,1.3765,No
dataset/img11.jpg,dataset/img41.jpg,No,1.3544,No
dataset/img11.jpg,dataset/img42.jpg,No,1.4827,No
dataset/img11.jpg,dataset/img43.jpg,No,1.4677,No
dataset/img11.jpg,dataset/img44.jpg,No,1.4172,No
dataset/img12.jpg,dataset/img41.jpg,No,1.2836,No
dataset/img12.jpg,dataset/img42.jpg,No,1.4203,No
dataset/img12.jpg,dataset/img43.jpg,No,1.3831,No
dataset/img12.jpg,dataset/img44.jpg,No,1.3031,No
dataset/img9.jpg,dataset/img45.jpg,No,1.391,No
dataset/img9.jpg,dataset/img46.jpg,No,1.4533,No
dataset/img9.jpg,dataset/img47.jpg,No,1.3682,No
dataset/img9.jpg,dataset/img48.jpg,No,1.3788,No
dataset/img10.jpg,dataset/img45.jpg,No,1.4144,No
dataset/img10.jpg,dataset/img46.jpg,No,1.4499,No
dataset/img10.jpg,dataset/img47.jpg,No,1.439,No
dataset/img10.jpg,dataset/img48.jpg,No,1.4407,No
dataset/img11.jpg,dataset/img45.jpg,No,1.3874,No
dataset/img11.jpg,dataset/img46.jpg,No,1.4911,No
dataset/img11.jpg,dataset/img47.jpg,No,1.4062,No
dataset/img11.jpg,dataset/img48.jpg,No,1.4496,No
dataset/img12.jpg,dataset/img45.jpg,No,1.4355,No
dataset/img12.jpg,dataset/img46.jpg,No,1.5108,No
dataset/img12.jpg,dataset/img47.jpg,No,1.4247,No
dataset/img12.jpg,dataset/img48.jpg,No,1.4544,No
dataset/img13.jpg,dataset/img17.jpg,No,1.3284,No
dataset/img13.jpg,dataset/img18.jpg,No,1.3316,No
dataset/img13.jpg,dataset/img19.jpg,No,1.3531,No
dataset/img13.jpg,dataset/img20.jpg,No,1.3715,No
dataset/img14.jpg,dataset/img17.jpg,No,1.3498,No
dataset/img14.jpg,dataset/img18.jpg,No,1.3845,No
dataset/img14.jpg,dataset/img19.jpg,No,1.3864,No
dataset/img14.jpg,dataset/img20.jpg,No,1.4317,No
dataset/img15.jpg,dataset/img17.jpg,No,1.3462,No
dataset/img15.jpg,dataset/img18.jpg,No,1.3379,No
dataset/img15.jpg,dataset/img19.jpg,No,1.3547,No
dataset/img15.jpg,dataset/img20.jpg,No,1.3696,No
dataset/img16.jpg,dataset/img17.jpg,No,1.355,No
dataset/img16.jpg,dataset/img18.jpg,No,1.3657,No
dataset/img16.jpg,dataset/img19.jpg,No,1.3478,No
dataset/img16.jpg,dataset/img20.jpg,No,1.3894,No
dataset/img13.jpg,dataset/img21.jpg,No,1.29,No
dataset/img13.jpg,dataset/img22.jpg,No,1.3931,No
dataset/img13.jpg,dataset/img23.jpg,No,1.4053,No
dataset/img13.jpg,dataset/img24.jpg,No,1.3635,No
dataset/img14.jpg,dataset/img21.jpg,No,1.3243,No
dataset/img14.jpg,dataset/img22.jpg,No,1.3642,No
dataset/img14.jpg,dataset/img23.jpg,No,1.4157,No
dataset/img14.jpg,dataset/img24.jpg,No,1.3802,No
dataset/img15.jpg,dataset/img21.jpg,No,1.2642,No
dataset/img15.jpg,dataset/img22.jpg,No,1.316,No
dataset/img15.jpg,dataset/img23.jpg,No,1.3556,No
dataset/img15.jpg,dataset/img24.jpg,No,1.3221,No
dataset/img16.jpg,dataset/img21.jpg,No,1.2963,No
dataset/img16.jpg,dataset/img22.jpg,No,1.3423,No
dataset/img16.jpg,dataset/img23.jpg,No,1.3851,No
dataset/img16.jpg,dataset/img24.jpg,No,1.3799,No
dataset/img13.jpg,dataset/img25.jpg,No,1.258,No
dataset/img13.jpg,dataset/img26.jpg,No,1.3009,No
dataset/img13.jpg,dataset/img27.jpg,No,1.3085,No
dataset/img13.jpg,dataset/img28.jpg,No,1.3276,No
dataset/img14.jpg,dataset/img25.jpg,No,1.2513,No
dataset/img14.jpg,dataset/img26.jpg,No,1.2763,No
dataset/img14.jpg,dataset/img27.jpg,No,1.2246,No
dataset/img14.jpg,dataset/img28.jpg,No,1.2975,No
dataset/img15.jpg,dataset/img25.jpg,No,1.292,No
dataset/img15.jpg,dataset/img26.jpg,No,1.346,No
dataset/img15.jpg,dataset/img27.jpg,No,1.2891,No
dataset/img15.jpg,dataset/img28.jpg,No,1.306,No
dataset/img16.jpg,dataset/img25.jpg,No,1.3765,No
dataset/img16.jpg,dataset/img26.jpg,No,1.3838,No
dataset/img16.jpg,dataset/img27.jpg,No,1.3401,No
dataset/img16.jpg,dataset/img28.jpg,No,1.3731,No
dataset/img13.jpg,dataset/img29.jpg,No,1.2715,No
dataset/img13.jpg,dataset/img30.jpg,No,1.2498,No
dataset/img13.jpg,dataset/img31.jpg,No,1.2756,No
dataset/img13.jpg,dataset/img32.jpg,No,1.3363,No
dataset/img14.jpg,dataset/img29.jpg,No,1.2826,No
dataset/img14.jpg,dataset/img30.jpg,No,1.3268,No
dataset/img14.jpg,dataset/img31.jpg,No,1.311,No
dataset/img14.jpg,dataset/img32.jpg,No,1.3169,No
dataset/img15.jpg,dataset/img29.jpg,No,1.3036,No
dataset/img15.jpg,dataset/img30.jpg,No,1.3112,No
dataset/img15.jpg,dataset/img31.jpg,No,1.3192,No
dataset/img15.jpg,dataset/img32.jpg,No,1.3011,No
dataset/img16.jpg,dataset/img29.jpg,No,1.2235,No
dataset/img16.jpg,dataset/img30.jpg,No,1.2687,No
dataset/img16.jpg,dataset/img31.jpg,No,1.1983,No
dataset/img16.jpg,dataset/img32.jpg,No,1.2669,No
dataset/img13.jpg,dataset/img33.jpg,No,1.361,No
dataset/img13.jpg,dataset/img34.jpg,No,1.3495,No
dataset/img13.jpg,dataset/img35.jpg,No,1.312,No
dataset/img13.jpg,dataset/img36.jpg,No,1.3463,No
dataset/img14.jpg,dataset/img33.jpg,No,1.2569,No
dataset/img14.jpg,dataset/img34.jpg,No,1.3084,No
dataset/img14.jpg,dataset/img35.jpg,No,1.3054,No
dataset/img14.jpg,dataset/img36.jpg,No,1.3148,No
dataset/img15.jpg,dataset/img33.jpg,No,1.3249,No
dataset/img15.jpg,dataset/img34.jpg,No,1.3282,No
dataset/img15.jpg,dataset/img35.jpg,No,1.3103,No
dataset/img15.jpg,dataset/img36.jpg,No,1.3474,No
dataset/img16.jpg,dataset/img33.jpg,No,1.2895,No
dataset/img16.jpg,dataset/img34.jpg,No,1.342,No
dataset/img16.jpg,dataset/img35.jpg,No,1.3056,No
dataset/img16.jpg,dataset/img36.jpg,No,1.3422,No
dataset/img13.jpg,dataset/img37.jpg,No,1.3895,No
dataset/img13.jpg,dataset/img38.jpg,No,1.4272,No
dataset/img13.jpg,dataset/img39.jpg,No,1.3533,No
dataset/img13.jpg,dataset/img40.jpg,No,1.424,No
dataset/img14.jpg,dataset/img37.jpg,No,1.3676,No
dataset/img14.jpg,dataset/img38.jpg,No,1.3748,No
dataset/img14.jpg,dataset/img39.jpg,No,1.3238,No
dataset/img14.jpg,dataset/img40.jpg,No,1.3626,No
dataset/img15.jpg,dataset/img37.jpg,No,1.4667,No
dataset/img15.jpg,dataset/img38.jpg,No,1.4929,No
dataset/img15.jpg,dataset/img39.jpg,No,1.4354,No
dataset/img15.jpg,dataset/img40.jpg,No,1.4955,No
dataset/img16.jpg,dataset/img37.jpg,No,1.4485,No
dataset/img16.jpg,dataset/img38.jpg,No,1.4665,No
dataset/img16.jpg,dataset/img39.jpg,No,1.3819,No
dataset/img16.jpg,dataset/img40.jpg,No,1.4735,No
dataset/img13.jpg,dataset/img41.jpg,No,1.474,No
dataset/img13.jpg,dataset/img42.jpg,No,1.4313,No
dataset/img13.jpg,dataset/img43.jpg,No,1.4,No
dataset/img13.jpg,dataset/img44.jpg,No,1.4492,No
dataset/img14.jpg,dataset/img41.jpg,No,1.3904,No
dataset/img14.jpg,dataset/img42.jpg,No,1.3905,No
dataset/img14.jpg,dataset/img43.jpg,No,1.3096,No
dataset/img14.jpg,dataset/img44.jpg,No,1.3551,No
dataset/img15.jpg,dataset/img41.jpg,No,1.5014,No
dataset/img15.jpg,dataset/img42.jpg,No,1.4896,No
dataset/img15.jpg,dataset/img43.jpg,No,1.446,No
dataset/img15.jpg,dataset/img44.jpg,No,1.4738,No
dataset/img16.jpg,dataset/img41.jpg,No,1.4699,No
dataset/img16.jpg,dataset/img42.jpg,No,1.4994,No
dataset/img16.jpg,dataset/img43.jpg,No,1.4424,No
dataset/img16.jpg,dataset/img44.jpg,No,1.4538,No
dataset/img13.jpg,dataset/img45.jpg,No,1.4264,No
dataset/img13.jpg,dataset/img46.jpg,No,1.4173,No
dataset/img13.jpg,dataset/img47.jpg,No,1.416,No
dataset/img13.jpg,dataset/img48.jpg,No,1.4349,No
dataset/img14.jpg,dataset/img45.jpg,No,1.4148,No
dataset/img14.jpg,dataset/img46.jpg,No,1.4027,No
dataset/img14.jpg,dataset/img47.jpg,No,1.4195,No
dataset/img14.jpg,dataset/img48.jpg,No,1.4417,No
dataset/img15.jpg,dataset/img45.jpg,No,1.3956,No
dataset/img15.jpg,dataset/img46.jpg,No,1.4096,No
dataset/img15.jpg,dataset/img47.jpg,No,1.4012,No
dataset/img15.jpg,dataset/img48.jpg,No,1.4408,No
dataset/img16.jpg,dataset/img45.jpg,No,1.3495,No
dataset/img16.jpg,dataset/img46.jpg,No,1.3505,No
dataset/img16.jpg,dataset/img47.jpg,No,1.3545,No
dataset/img16.jpg,dataset/img48.jpg,No,1.4096,No
dataset/img17.jpg,dataset/img21.jpg,No,1.1648,No
dataset/img17.jpg,dataset/img22.jpg,No,1.1383,No
dataset/img17.jpg,dataset/img23.jpg,No,1.1138,No
dataset/img17.jpg,dataset/img24.jpg,No,1.0674,No
dataset/img18.jpg,dataset/img21.jpg,No,1.1312,No
dataset/img18.jpg,dataset/img22.jpg,No,1.1999,No
dataset/img18.jpg,dataset/img23.jpg,No,1.3704,No
dataset/img18.jpg,dataset/img24.jpg,No,1.0693,No
dataset/img19.jpg,dataset/img21.jpg,No,0.9226,Yes
dataset/img19.jpg,dataset/img22.jpg,No,1.0306,No
dataset/img19.jpg,dataset/img23.jpg,No,1.074,No
dataset/img19.jpg,dataset/img24.jpg,No,0.8703,Yes
dataset/img20.jpg,dataset/img21.jpg,No,1.1074,No
dataset/img20.jpg,dataset/img22.jpg,No,1.2025,No
dataset/img20.jpg,dataset/img23.jpg,No,1.1042,No
dataset/img20.jpg,dataset/img24.jpg,No,1.059,No
dataset/img17.jpg,dataset/img25.jpg,No,1.3371,No
dataset/img17.jpg,dataset/img26.jpg,No,1.2089,No
dataset/img17.jpg,dataset/img27.jpg,No,1.3006,No
dataset/img17.jpg,dataset/img28.jpg,No,1.359,No
dataset/img18.jpg,dataset/img25.jpg,No,1.3752,No
dataset/img18.jpg,dataset/img26.jpg,No,1.2369,No
dataset/img18.jpg,dataset/img27.jpg,No,1.3215,No
dataset/img18.jpg,dataset/img28.jpg,No,1.3321,No
dataset/img19.jpg,dataset/img25.jpg,No,1.3969,No
dataset/img19.jpg,dataset/img26.jpg,No,1.3274,No
dataset/img19.jpg,dataset/img27.jpg,No,1.3667,No
dataset/img19.jpg,dataset/img28.jpg,No,1.3545,No
dataset/img20.jpg,dataset/img25.jpg,No,1.3393,No
dataset/img20.jpg,dataset/img26.jpg,No,1.2679,No
dataset/img20.jpg,dataset/img27.jpg,No,1.3451,No
dataset/img20.jpg,dataset/img28.jpg,No,1.333,No
dataset/img17.jpg,dataset/img29.jpg,No,1.3429,No
dataset/img17.jpg,dataset/img30.jpg,No,1.3185,No
dataset/img17.jpg,dataset/img31.jpg,No,1.3132,No
dataset/img17.jpg,dataset/img32.jpg,No,1.3663,No
dataset/img18.jpg,dataset/img29.jpg,No,1.3705,No
dataset/img18.jpg,dataset/img30.jpg,No,1.3456,No
dataset/img18.jpg,dataset/img31.jpg,No,1.2641,No
dataset/img18.jpg,dataset/img32.jpg,No,1.372,No
dataset/img19.jpg,dataset/img29.jpg,No,1.3296,No
dataset/img19.jpg,dataset/img30.jpg,No,1.3301,No
dataset/img19.jpg,dataset/img31.jpg,No,1.2616,No
dataset/img19.jpg,dataset/img32.jpg,No,1.3104,No
dataset/img20.jpg,dataset/img29.jpg,No,1.3692,No
dataset/img20.jpg,dataset/img30.jpg,No,1.3342,No
dataset/img20.jpg,dataset/img31.jpg,No,1.2869,No
dataset/img20.jpg,dataset/img32.jpg,No,1.354,No
dataset/img17.jpg,dataset/img33.jpg,No,1.3912,No
dataset/img17.jpg,dataset/img34.jpg,No,1.4269,No
dataset/img17.jpg,dataset/img35.jpg,No,1.3075,No
dataset/img17.jpg,dataset/img36.jpg,No,1.2831,No
dataset/img18.jpg,dataset/img33.jpg,No,1.4327,No
dataset/img18.jpg,dataset/img34.jpg,No,1.4491,No
dataset/img18.jpg,dataset/img35.jpg,No,1.3122,No
dataset/img18.jpg,dataset/img36.jpg,No,1.316,No
dataset/img19.jpg,dataset/img33.jpg,No,1.4204,No
dataset/img19.jpg,dataset/img34.jpg,No,1.4903,No
dataset/img19.jpg,dataset/img35.jpg,No,1.3389,No
dataset/img19.jpg,dataset/img36.jpg,No,1.3406,No
dataset/img20.jpg,dataset/img33.jpg,No,1.4662,No
dataset/img20.jpg,dataset/img34.jpg,No,1.4728,No
dataset/img20.jpg,dataset/img35.jpg,No,1.3881,No
dataset/img20.jpg,dataset/img36.jpg,No,1.3684,No
dataset/img17.jpg,dataset/img37.jpg,No,1.424,No
dataset/img17.jpg,dataset/img38.jpg,No,1.4048,No
dataset/img17.jpg,dataset/img39.jpg,No,1.3527,No
dataset/img17.jpg,dataset/img40.jpg,No,1.3337,No
dataset/img18.jpg,dataset/img37.jpg,No,1.4335,No
dataset/img18.jpg,dataset/img38.jpg,No,1.4588,No
dataset/img18.jpg,dataset/img39.jpg,No,1.3599,No
dataset/img18.jpg,dataset/img40.jpg,No,1.3704,No
dataset/img19.jpg,dataset/img37.jpg,No,1.3585,No
dataset/img19.jpg,dataset/img38.jpg,No,1.4214,No
dataset/img19.jpg,dataset/img39.jpg,No,1.3756,No
dataset/img19.jpg,dataset/img40.jpg,No,1.4008,No
dataset/img20.jpg,dataset/img37.jpg,No,1.4736,No
dataset/img20.jpg,dataset/img38.jpg,No,1.5122,No
dataset/img20.jpg,dataset/img39.jpg,No,1.3584,No
dataset/img20.jpg,dataset/img40.jpg,No,1.4037,No
dataset/img17.jpg,dataset/img41.jpg,No,1.4955,No
dataset/img17.jpg,dataset/img42.jpg,No,1.5608,No
dataset/img17.jpg,dataset/img43.jpg,No,1.5464,No
dataset/img17.jpg,dataset/img44.jpg,No,1.5538,No
dataset/img18.jpg,dataset/img41.jpg,No,1.4885,No
dataset/img18.jpg,dataset/img42.jpg,No,1.5238,No
dataset/img18.jpg,dataset/img43.jpg,No,1.5031,No
dataset/img18.jpg,dataset/img44.jpg,No,1.5566,No
dataset/img19.jpg,dataset/img41.jpg,No,1.4578,No
dataset/img19.jpg,dataset/img42.jpg,No,1.5328,No
dataset/img19.jpg,dataset/img43.jpg,No,1.513,No
dataset/img19.jpg,dataset/img44.jpg,No,1.5133,No
dataset/img20.jpg,dataset/img41.jpg,No,1.4718,No
dataset/img20.jpg,dataset/img42.jpg,No,1.4919,No
dataset/img20.jpg,dataset/img43.jpg,No,1.486,No
dataset/img20.jpg,dataset/img44.jpg,No,1.4885,No
dataset/img17.jpg,dataset/img45.jpg,No,1.4531,No
dataset/img17.jpg,dataset/img46.jpg,No,1.4534,No
dataset/img17.jpg,dataset/img47.jpg,No,1.453,No
dataset/img17.jpg,dataset/img48.jpg,No,1.4536,No
dataset/img18.jpg,dataset/img45.jpg,No,1.3933,No
dataset/img18.jpg,dataset/img46.jpg,No,1.391,No
dataset/img18.jpg,dataset/img47.jpg,No,1.3976,No
dataset/img18.jpg,dataset/img48.jpg,No,1.3874,No
dataset/img19.jpg,dataset/img45.jpg,No,1.4237,No
dataset/img19.jpg,dataset/img46.jpg,No,1.3881,No
dataset/img19.jpg,dataset/img47.jpg,No,1.3235,No
dataset/img19.jpg,dataset/img48.jpg,No,1.3753,No
dataset/img20.jpg,dataset/img45.jpg,No,1.4363,No
dataset/img20.jpg,dataset/img46.jpg,No,1.4306,No
dataset/img20.jpg,dataset/img47.jpg,No,1.3927,No
dataset/img20.jpg,dataset/img48.jpg,No,1.3939,No
dataset/img21.jpg,dataset/img25.jpg,No,1.4426,No
dataset/img21.jpg,dataset/img26.jpg,No,1.4836,No
dataset/img21.jpg,dataset/img27.jpg,No,1.5201,No
dataset/img21.jpg,dataset/img28.jpg,No,1.4507,No
dataset/img22.jpg,dataset/img25.jpg,No,1.4839,No
dataset/img22.jpg,dataset/img26.jpg,No,1.4916,No
dataset/img22.jpg,dataset/img27.jpg,No,1.51,No
dataset/img22.jpg,dataset/img28.jpg,No,1.4639,No
dataset/img23.jpg,dataset/img25.jpg,No,1.4753,No
dataset/img23.jpg,dataset/img26.jpg,No,1.4607,No
dataset/img23.jpg,dataset/img27.jpg,No,1.4974,No
dataset/img23.jpg,dataset/img28.jpg,No,1.4526,No
dataset/img24.jpg,dataset/img25.jpg,No,1.4843,No
dataset/img24.jpg,dataset/img26.jpg,No,1.4911,No
dataset/img24.jpg,dataset/img27.jpg,No,1.4919,No
dataset/img24.jpg,dataset/img28.jpg,No,1.4123,No
dataset/img21.jpg,dataset/img29.jpg,No,1.4148,No
dataset/img21.jpg,dataset/img30.jpg,No,1.4054,No
dataset/img21.jpg,dataset/img31.jpg,No,1.2823,No
dataset/img21.jpg,dataset/img32.jpg,No,1.2503,No
dataset/img22.jpg,dataset/img29.jpg,No,1.4402,No
dataset/img22.jpg,dataset/img30.jpg,No,1.4132,No
dataset/img22.jpg,dataset/img31.jpg,No,1.3654,No
dataset/img22.jpg,dataset/img32.jpg,No,1.2811,No
dataset/img23.jpg,dataset/img29.jpg,No,1.463,No
dataset/img23.jpg,dataset/img30.jpg,No,1.3889,No
dataset/img23.jpg,dataset/img31.jpg,No,1.3405,No
dataset/img23.jpg,dataset/img32.jpg,No,1.3133,No
dataset/img24.jpg,dataset/img29.jpg,No,1.4497,No
dataset/img24.jpg,dataset/img30.jpg,No,1.405,No
dataset/img24.jpg,dataset/img31.jpg,No,1.3489,No
dataset/img24.jpg,dataset/img32.jpg,No,1.2561,No
dataset/img21.jpg,dataset/img33.jpg,No,1.3616,No
dataset/img21.jpg,dataset/img34.jpg,No,1.5562,No
dataset/img21.jpg,dataset/img35.jpg,No,1.4482,No
dataset/img21.jpg,dataset/img36.jpg,No,1.4406,No
dataset/img22.jpg,dataset/img33.jpg,No,1.2332,No
dataset/img22.jpg,dataset/img34.jpg,No,1.4309,No
dataset/img22.jpg,dataset/img35.jpg,No,1.3574,No
dataset/img22.jpg,dataset/img36.jpg,No,1.316,No
dataset/img23.jpg,dataset/img33.jpg,No,1.2972,No
dataset/img23.jpg,dataset/img34.jpg,No,1.4443,No
dataset/img23.jpg,dataset/img35.jpg,No,1.4048,No
dataset/img23.jpg,dataset/img36.jpg,No,1.3596,No
dataset/img24.jpg,dataset/img33.jpg,No,1.3323,No
dataset/img24.jpg,dataset/img34.jpg,No,1.5045,No
dataset/img24.jpg,dataset/img35.jpg,No,1.4091,No
dataset/img24.jpg,dataset/img36.jpg,No,1.3507,No
dataset/img21.jpg,dataset/img37.jpg,No,1.3326,No
dataset/img21.jpg,dataset/img38.jpg,No,1.4409,No
dataset/img21.jpg,dataset/img39.jpg,No,1.3661,No
dataset/img21.jpg,dataset/img40.jpg,No,1.463,No
dataset/img22.jpg,dataset/img37.jpg,No,1.3726,No
dataset/img22.jpg,dataset/img38.jpg,No,1.469,No
dataset/img22.jpg,dataset/img39.jpg,No,1.4197,No
dataset/img22.jpg,dataset/img40.jpg,No,1.4647,No
dataset/img23.jpg,dataset/img37.jpg,No,1.3834,No
dataset/img23.jpg,dataset/img38.jpg,No,1.4335,No
dataset/img23.jpg,dataset/img39.jpg,No,1.4164,No
dataset/img23.jpg,dataset/img40.jpg,No,1.427,No
dataset/img24.jpg,dataset/img37.jpg,No,1.3006,No
dataset/img24.jpg,dataset/img38.jpg,No,1.3783,No
dataset/img24.jpg,dataset/img39.jpg,No,1.3637,No
dataset/img24.jpg,dataset/img40.jpg,No,1.3884,No
dataset/img21.jpg,dataset/img41.jpg,No,1.3937,No
dataset/img21.jpg,dataset/img42.jpg,No,1.47,No
dataset/img21.jpg,dataset/img43.jpg,No,1.4142,No
dataset/img21.jpg,dataset/img44.jpg,No,1.3689,No
dataset/img22.jpg,dataset/img41.jpg,No,1.4174,No
dataset/img22.jpg,dataset/img42.jpg,No,1.5064,No
dataset/img22.jpg,dataset/img43.jpg,No,1.5212,No
dataset/img22.jpg,dataset/img44.jpg,No,1.4374,No
dataset/img23.jpg,dataset/img41.jpg,No,1.4482,No
dataset/img23.jpg,dataset/img42.jpg,No,1.5234,No
dataset/img23.jpg,dataset/img43.jpg,No,1.4911,No
dataset/img23.jpg,dataset/img44.jpg,No,1.4694,No
dataset/img24.jpg,dataset/img41.jpg,No,1.4146,No
dataset/img24.jpg,dataset/img42.jpg,No,1.4643,No
dataset/img24.jpg,dataset/img43.jpg,No,1.4588,No
dataset/img24.jpg,dataset/img44.jpg,No,1.4174,No
dataset/img21.jpg,dataset/img45.jpg,No,1.5416,No
dataset/img21.jpg,dataset/img46.jpg,No,1.3952,No
dataset/img21.jpg,dataset/img47.jpg,No,1.4609,No
dataset/img21.jpg,dataset/img48.jpg,No,1.4537,No
dataset/img22.jpg,dataset/img45.jpg,No,1.5806,No
dataset/img22.jpg,dataset/img46.jpg,No,1.4449,No
dataset/img22.jpg,dataset/img47.jpg,No,1.5215,No
dataset/img22.jpg,dataset/img48.jpg,No,1.5195,No
dataset/img23.jpg,dataset/img45.jpg,No,1.5629,No
dataset/img23.jpg,dataset/img46.jpg,No,1.4408,No
dataset/img23.jpg,dataset/img47.jpg,No,1.5102,No
dataset/img23.jpg,dataset/img48.jpg,No,1.5207,No
dataset/img24.jpg,dataset/img45.jpg,No,1.5588,No
dataset/img24.jpg,dataset/img46.jpg,No,1.4507,No
dataset/img24.jpg,dataset/img47.jpg,No,1.4974,No
dataset/img24.jpg,dataset/img48.jpg,No,1.5017,No
dataset/img25.jpg,dataset/img29.jpg,No,1.2461,No
dataset/img25.jpg,dataset/img30.jpg,No,1.2345,No
dataset/img25.jpg,dataset/img31.jpg,No,1.2598,No
dataset/img25.jpg,dataset/img32.jpg,No,1.2546,No
dataset/img26.jpg,dataset/img29.jpg,No,1.3266,No
dataset/img26.jpg,dataset/img30.jpg,No,1.2676,No
dataset/img26.jpg,dataset/img31.jpg,No,1.273,No
dataset/img26.jpg,dataset/img32.jpg,No,1.3059,No
dataset/img27.jpg,dataset/img29.jpg,No,1.3554,No
dataset/img27.jpg,dataset/img30.jpg,No,1.344,No
dataset/img27.jpg,dataset/img31.jpg,No,1.3597,No
dataset/img27.jpg,dataset/img32.jpg,No,1.3294,No
dataset/img28.jpg,dataset/img29.jpg,No,1.235,No
dataset/img28.jpg,dataset/img30.jpg,No,1.1982,No
dataset/img28.jpg,dataset/img31.jpg,No,1.2357,No
dataset/img28.jpg,dataset/img32.jpg,No,1.1532,No
dataset/img25.jpg,dataset/img33.jpg,No,1.4251,No
dataset/img25.jpg,dataset/img34.jpg,No,1.3395,No
dataset/img25.jpg,dataset/img35.jpg,No,1.4086,No
dataset/img25.jpg,dataset/img36.jpg,No,1.4077,No
dataset/img26.jpg,dataset/img33.jpg,No,1.4431,No
dataset/img26.jpg,dataset/img34.jpg,No,1.3665,No
dataset/img26.jpg,dataset/img35.jpg,No,1.4104,No
dataset/img26.jpg,dataset/img36.jpg,No,1.4315,No
dataset/img27.jpg,dataset/img33.jpg,No,1.471,No
dataset/img27.jpg,dataset/img34.jpg,No,1.3452,No
dataset/img27.jpg,dataset/img35.jpg,No,1.432,No
dataset/img27.jpg,dataset/img36.jpg,No,1.4329,No
dataset/img28.jpg,dataset/img33.jpg,No,1.5033,No
dataset/img28.jpg,dataset/img34.jpg,No,1.4275,No
dataset/img28.jpg,dataset/img35.jpg,No,1.4739,No
dataset/img28.jpg,dataset/img36.jpg,No,1.4644,No
dataset/img25.jpg,dataset/img37.jpg,No,1.4716,No
dataset/img25.jpg,dataset/img38.jpg,No,1.3954,No
dataset/img25.jpg,dataset/img39.jpg,No,1.4231,No
dataset/img25.jpg,dataset/img40.jpg,No,1.422,No
dataset/img26.jpg,dataset/img37.jpg,No,1.4778,No
dataset/img26.jpg,dataset/img38.jpg,No,1.377,No
dataset/img26.jpg,dataset/img39.jpg,No,1.3648,No
dataset/img26.jpg,dataset/img40.jpg,No,1.3716,No
dataset/img27.jpg,dataset/img37.jpg,No,1.4456,No
dataset/img27.jpg,dataset/img38.jpg,No,1.2941,No
dataset/img27.jpg,dataset/img39.jpg,No,1.4457,No
dataset/img27.jpg,dataset/img40.jpg,No,1.3204,No
dataset/img28.jpg,dataset/img37.jpg,No,1.5008,No
dataset/img28.jpg,dataset/img38.jpg,No,1.3703,No
dataset/img28.jpg,dataset/img39.jpg,No,1.4788,No
dataset/img28.jpg,dataset/img40.jpg,No,1.4276,No
dataset/img25.jpg,dataset/img41.jpg,No,1.3455,No
dataset/img25.jpg,dataset/img42.jpg,No,1.3729,No
dataset/img25.jpg,dataset/img43.jpg,No,1.3232,No
dataset/img25.jpg,dataset/img44.jpg,No,1.3044,No
dataset/img26.jpg,dataset/img41.jpg,No,1.4086,No
dataset/img26.jpg,dataset/img42.jpg,No,1.4361,No
dataset/img26.jpg,dataset/img43.jpg,No,1.352,No
dataset/img26.jpg,dataset/img44.jpg,No,1.4114,No
dataset/img27.jpg,dataset/img41.jpg,No,1.3402,No
dataset/img27.jpg,dataset/img42.jpg,No,1.3638,No
dataset/img27.jpg,dataset/img43.jpg,No,1.2676,No
dataset/img27.jpg,dataset/img44.jpg,No,1.3526,No
dataset/img28.jpg,dataset/img41.jpg,No,1.3291,No
dataset/img28.jpg,dataset/img42.jpg,No,1.3801,No
dataset/img28.jpg,dataset/img43.jpg,No,1.3419,No
dataset/img28.jpg,dataset/img44.jpg,No,1.3509,No
dataset/img25.jpg,dataset/img45.jpg,No,1.3263,No
dataset/img25.jpg,dataset/img46.jpg,No,1.3203,No
dataset/img25.jpg,dataset/img47.jpg,No,1.2365,No
dataset/img25.jpg,dataset/img48.jpg,No,1.2486,No
dataset/img26.jpg,dataset/img45.jpg,No,1.3691,No
dataset/img26.jpg,dataset/img46.jpg,No,1.3456,No
dataset/img26.jpg,dataset/img47.jpg,No,1.2792,No
dataset/img26.jpg,dataset/img48.jpg,No,1.3383,No
dataset/img27.jpg,dataset/img45.jpg,No,1.3308,No
dataset/img27.jpg,dataset/img46.jpg,No,1.3735,No
dataset/img27.jpg,dataset/img47.jpg,No,1.2154,No
dataset/img27.jpg,dataset/img48.jpg,No,1.3233,No
dataset/img28.jpg,dataset/img45.jpg,No,1.3311,No
dataset/img28.jpg,dataset/img46.jpg,No,1.3717,No
dataset/img28.jpg,dataset/img47.jpg,No,1.2832,No
dataset/img28.jpg,dataset/img48.jpg,No,1.3066,No
dataset/img29.jpg,dataset/img33.jpg,No,1.4529,No
dataset/img29.jpg,dataset/img34.jpg,No,1.4509,No
dataset/img29.jpg,dataset/img35.jpg,No,1.3695,No
dataset/img29.jpg,dataset/img36.jpg,No,1.4284,No
dataset/img30.jpg,dataset/img33.jpg,No,1.4323,No
dataset/img30.jpg,dataset/img34.jpg,No,1.4189,No
dataset/img30.jpg,dataset/img35.jpg,No,1.3695,No
dataset/img30.jpg,dataset/img36.jpg,No,1.3887,No
dataset/img31.jpg,dataset/img33.jpg,No,1.3883,No
dataset/img31.jpg,dataset/img34.jpg,No,1.4011,No
dataset/img31.jpg,dataset/img35.jpg,No,1.3205,No
dataset/img31.jpg,dataset/img36.jpg,No,1.3862,No
dataset/img32.jpg,dataset/img33.jpg,No,1.4071,No
dataset/img32.jpg,dataset/img34.jpg,No,1.4738,No
dataset/img32.jpg,dataset/img35.jpg,No,1.4206,No
dataset/img32.jpg,dataset/img36.jpg,No,1.4249,No
dataset/img29.jpg,dataset/img37.jpg,No,1.4116,No
dataset/img29.jpg,dataset/img38.jpg,No,1.4181,No
dataset/img29.jpg,dataset/img39.jpg,No,1.3828,No
dataset/img29.jpg,dataset/img40.jpg,No,1.4084,No
dataset/img30.jpg,dataset/img37.jpg,No,1.3723,No
dataset/img30.jpg,dataset/img38.jpg,No,1.4019,No
dataset/img30.jpg,dataset/img39.jpg,No,1.3476,No
dataset/img30.jpg,dataset/img40.jpg,No,1.4403,No
dataset/img31.jpg,dataset/img37.jpg,No,1.3659,No
dataset/img31.jpg,dataset/img38.jpg,No,1.4428,No
dataset/img31.jpg,dataset/img39.jpg,No,1.3434,No
dataset/img31.jpg,dataset/img40.jpg,No,1.4188,No
dataset/img32.jpg,dataset/img37.jpg,No,1.2998,No
dataset/img32.jpg,dataset/img38.jpg,No,1.3622,No
dataset/img32.jpg,dataset/img39.jpg,No,1.3173,No
dataset/img32.jpg,dataset/img40.jpg,No,1.3683,No
dataset/img29.jpg,dataset/img41.jpg,No,1.3798,No
dataset/img29.jpg,dataset/img42.jpg,No,1.4666,No
dataset/img29.jpg,dataset/img43.jpg,No,1.4226,No
dataset/img29.jpg,dataset/img44.jpg,No,1.367,No
dataset/img30.jpg,dataset/img41.jpg,No,1.2609,No
dataset/img30.jpg,dataset/img42.jpg,No,1.3705,No
dataset/img30.jpg,dataset/img43.jpg,No,1.3802,No
dataset/img30.jpg,dataset/img44.jpg,No,1.3366,No
dataset/img31.jpg,dataset/img41.jpg,No,1.357,No
dataset/img31.jpg,dataset/img42.jpg,No,1.4444,No
dataset/img31.jpg,dataset/img43.jpg,No,1.3942,No
dataset/img31.jpg,dataset/img44.jpg,No,1.3496,No
dataset/img32.jpg,dataset/img41.jpg,No,1.2979,No
dataset/img32.jpg,dataset/img42.jpg,No,1.3865,No
dataset/img32.jpg,dataset/img43.jpg,No,1.3887,No
dataset/img32.jpg,dataset/img44.jpg,No,1.3111,No
dataset/img29.jpg,dataset/img45.jpg,No,1.3356,No
dataset/img29.jpg,dataset/img46.jpg,No,1.3824,No
dataset/img29.jpg,dataset/img47.jpg,No,1.368,No
dataset/img29.jpg,dataset/img48.jpg,No,1.4042,No
dataset/img30.jpg,dataset/img45.jpg,No,1.4103,No
dataset/img30.jpg,dataset/img46.jpg,No,1.4802,No
dataset/img30.jpg,dataset/img47.jpg,No,1.4072,No
dataset/img30.jpg,dataset/img48.jpg,No,1.4603,No
dataset/img31.jpg,dataset/img45.jpg,No,1.368,No
dataset/img31.jpg,dataset/img46.jpg,No,1.3915,No
dataset/img31.jpg,dataset/img47.jpg,No,1.3568,No
dataset/img31.jpg,dataset/img48.jpg,No,1.3915,No
dataset/img32.jpg,dataset/img45.jpg,No,1.4169,No
dataset/img32.jpg,dataset/img46.jpg,No,1.4871,No
dataset/img32.jpg,dataset/img47.jpg,No,1.4325,No
dataset/img32.jpg,dataset/img48.jpg,No,1.4854,No
dataset/img33.jpg,dataset/img37.jpg,No,1.286,No
dataset/img33.jpg,dataset/img38.jpg,No,1.4152,No
dataset/img33.jpg,dataset/img39.jpg,No,1.3254,No
dataset/img33.jpg,dataset/img40.jpg,No,1.3623,No
dataset/img34.jpg,dataset/img37.jpg,No,1.3379,No
dataset/img34.jpg,dataset/img38.jpg,No,1.3845,No
dataset/img34.jpg,dataset/img39.jpg,No,1.3244,No
dataset/img34.jpg,dataset/img40.jpg,No,1.3016,No
dataset/img35.jpg,dataset/img37.jpg,No,1.3362,No
dataset/img35.jpg,dataset/img38.jpg,No,1.4552,No
dataset/img35.jpg,dataset/img39.jpg,No,1.3727,No
dataset/img35.jpg,dataset/img40.jpg,No,1.3628,No
dataset/img36.jpg,dataset/img37.jpg,No,1.2889,No
dataset/img36.jpg,dataset/img38.jpg,No,1.3846,No
dataset/img36.jpg,dataset/img39.jpg,No,1.2936,No
dataset/img36.jpg,dataset/img40.jpg,No,1.2913,No
dataset/img33.jpg,dataset/img41.jpg,No,1.3739,No
dataset/img33.jpg,dataset/img42.jpg,No,1.3881,No
dataset/img33.jpg,dataset/img43.jpg,No,1.3949,No
dataset/img33.jpg,dataset/img44.jpg,No,1.3926,No
dataset/img34.jpg,dataset/img41.jpg,No,1.4601,No
dataset/img34.jpg,dataset/img42.jpg,No,1.4237,No
dataset/img34.jpg,dataset/img43.jpg,No,1.4289,No
dataset/img34.jpg,dataset/img44.jpg,No,1.4471,No
dataset/img35.jpg,dataset/img41.jpg,No,1.4865,No
dataset/img35.jpg,dataset/img42.jpg,No,1.455,No
dataset/img35.jpg,dataset/img43.jpg,No,1.4531,No
dataset/img35.jpg,dataset/img44.jpg,No,1.4793,No
dataset/img36.jpg,dataset/img41.jpg,No,1.4031,No
dataset/img36.jpg,dataset/img42.jpg,No,1.3735,No
dataset/img36.jpg,dataset/img43.jpg,No,1.4166,No
dataset/img36.jpg,dataset/img44.jpg,No,1.4216,No
dataset/img33.jpg,dataset/img45.jpg,No,1.2969,No
dataset/img33.jpg,dataset/img46.jpg,No,1.2243,No
dataset/img33.jpg,dataset/img47.jpg,No,1.4396,No
dataset/img33.jpg,dataset/img48.jpg,No,1.3395,No
dataset/img34.jpg,dataset/img45.jpg,No,1.2809,No
dataset/img34.jpg,dataset/img46.jpg,No,1.3022,No
dataset/img34.jpg,dataset/img47.jpg,No,1.3527,No
dataset/img34.jpg,dataset/img48.jpg,No,1.3124,No
dataset/img35.jpg,dataset/img45.jpg,No,1.2338,No
dataset/img35.jpg,dataset/img46.jpg,No,1.2553,No
dataset/img35.jpg,dataset/img47.jpg,No,1.3247,No
dataset/img35.jpg,dataset/img48.jpg,No,1.2757,No
dataset/img36.jpg,dataset/img45.jpg,No,1.235,No
dataset/img36.jpg,dataset/img46.jpg,No,1.23,No
dataset/img36.jpg,dataset/img47.jpg,No,1.377,No
dataset/img36.jpg,dataset/img48.jpg,No,1.2632,No
dataset/img37.jpg,dataset/img41.jpg,No,1.0524,No
dataset/img37.jpg,dataset/img42.jpg,No,1.0981,No
dataset/img37.jpg,dataset/img43.jpg,No,1.0897,No
dataset/img37.jpg,dataset/img44.jpg,No,1.1857,No
dataset/img38.jpg,dataset/img41.jpg,No,1.1422,No
dataset/img38.jpg,dataset/img42.jpg,No,0.9397,Yes
dataset/img38.jpg,dataset/img43.jpg,No,1.0923,No
dataset/img38.jpg,dataset/img44.jpg,No,1.1602,No
dataset/img39.jpg,dataset/img41.jpg,No,1.1508,No
dataset/img39.jpg,dataset/img42.jpg,No,0.9695,No
dataset/img39.jpg,dataset/img43.jpg,No,1.1154,No
dataset/img39.jpg,dataset/img44.jpg,No,1.1144,No
dataset/img40.jpg,dataset/img41.jpg,No,1.2435,No
dataset/img40.jpg,dataset/img42.jpg,No,1.0521,No
dataset/img40.jpg,dataset/img43.jpg,No,1.1759,No
dataset/img40.jpg,dataset/img44.jpg,No,1.2393,No
dataset/img37.jpg,dataset/img45.jpg,No,1.3901,No
dataset/img37.jpg,dataset/img46.jpg,No,1.3733,No
dataset/img37.jpg,dataset/img47.jpg,No,1.3437,No
dataset/img37.jpg,dataset/img48.jpg,No,1.333,No
dataset/img38.jpg,dataset/img45.jpg,No,1.3495,No
dataset/img38.jpg,dataset/img46.jpg,No,1.3612,No
dataset/img38.jpg,dataset/img47.jpg,No,1.3541,No
dataset/img38.jpg,dataset/img48.jpg,No,1.3259,No
dataset/img39.jpg,dataset/img45.jpg,No,1.3332,No
dataset/img39.jpg,dataset/img46.jpg,No,1.3273,No
dataset/img39.jpg,dataset/img47.jpg,No,1.3868,No
dataset/img39.jpg,dataset/img48.jpg,No,1.3033,No
dataset/img40.jpg,dataset/img45.jpg,No,1.3705,No
dataset/img40.jpg,dataset/img46.jpg,No,1.4139,No
dataset/img40.jpg,dataset/img47.jpg,No,1.4251,No
dataset/img40.jpg,dataset/img48.jpg,No,1.3866,No
dataset/img41.jpg,dataset/img45.jpg,No,1.3612,No
dataset/img41.jpg,dataset/img46.jpg,No,1.3035,No
dataset/img41.jpg,dataset/img47.jpg,No,1.3313,No
dataset/img41.jpg,dataset/img48.jpg,No,1.2229,No
dataset/img42.jpg,dataset/img45.jpg,No,1.2991,No
dataset/img42.jpg,dataset/img46.jpg,No,1.2316,No
dataset/img42.jpg,dataset/img47.jpg,No,1.351,No
dataset/img42.jpg,dataset/img48.jpg,No,1.2422,No
dataset/img43.jpg,dataset/img45.jpg,No,1.3935,No
dataset/img43.jpg,dataset/img46.jpg,No,1.3308,No
dataset/img43.jpg,dataset/img47.jpg,No,1.3412,No
dataset/img43.jpg,dataset/img48.jpg,No,1.2727,No
dataset/img44.jpg,dataset/img45.jpg,No,1.3849,No
dataset/img44.jpg,dataset/img46.jpg,No,1.3119,No
dataset/img44.jpg,dataset/img47.jpg,No,1.3912,No
dataset/img44.jpg,dataset/img48.jpg,No,1.2792,No
