file_x,file_y,Decision
img1.jpg,img2.jpg,Yes
img1.jpg,img3.jpg,Yes
img1.jpg,img4.jpg,Yes
img2.jpg,img3.jpg,Yes
img2.jpg,img4.jpg,Yes
img3.jpg,img4.jpg,Yes
img5.jpg,img6.jpg,Yes
img5.jpg,img7.jpg,Yes
img5.jpg,img8.jpg,Yes
img6.jpg,img7.jpg,Yes
img6.jpg,img8.jpg,Yes
img7.jpg,img8.jpg,Yes
img9.jpg,img10.jpg,Yes
img9.jpg,img11.jpg,Yes
img9.jpg,img12.jpg,Yes
img10.jpg,img11.jpg,Yes
img10.jpg,img12.jpg,Yes
img11.jpg,img12.jpg,Yes
img13.jpg,img14.jpg,Yes
img13.jpg,img15.jpg,Yes
img13.jpg,img16.jpg,Yes
img14.jpg,img15.jpg,Yes
img14.jpg,img16.jpg,Yes
img15.jpg,img16.jpg,Yes
img17.jpg,img18.jpg,Yes
img17.jpg,img19.jpg,Yes
img17.jpg,img20.jpg,Yes
img18.jpg,img19.jpg,Yes
img18.jpg,img20.jpg,Yes
img19.jpg,img20.jpg,Yes
img21.jpg,img22.jpg,Yes
img21.jpg,img23.jpg,Yes
img21.jpg,img24.jpg,Yes
img22.jpg,img23.jpg,Yes
img22.jpg,img24.jpg,Yes
img23.jpg,img24.jpg,Yes
img25.jpg,img26.jpg,Yes
img25.jpg,img27.jpg,Yes
img25.jpg,img28.jpg,Yes
img26.jpg,img27.jpg,Yes
img26.jpg,img28.jpg,Yes
img27.jpg,img28.jpg,Yes
img29.jpg,img30.jpg,Yes
img29.jpg,img31.jpg,Yes
img29.jpg,img32.jpg,Yes
img30.jpg,img31.jpg,Yes
img30.jpg,img32.jpg,Yes
img31.jpg,img32.jpg,Yes
img33.jpg,img34.jpg,Yes
img33.jpg,img35.jpg,Yes
img33.jpg,img36.jpg,Yes
img34.jpg,img35.jpg,Yes
img34.jpg,img36.jpg,Yes
img35.jpg,img36.jpg,Yes
img37.jpg,img38.jpg,Yes
img37.jpg,img39.jpg,Yes
img37.jpg,img40.jpg,Yes
img38.jpg,img39.jpg,Yes
img38.jpg,img40.jpg,Yes
img39.jpg,img40.jpg,Yes
img41.jpg,img42.jpg,Yes
img41.jpg,img43.jpg,Yes
img41.jpg,img44.jpg,Yes
img42.jpg,img43.jpg,Yes
img42.jpg,img44.jpg,Yes
img43.jpg,img44.jpg,Yes
img45.jpg,img46.jpg,Yes
img45.jpg,img47.jpg,Yes
img45.jpg,img48.jpg,Yes
img46.jpg,img47.jpg,Yes
img46.jpg,img48.jpg,Yes
img47.jpg,img48.jpg,Yes
img1.jpg,img5.jpg,No
img1.jpg,img6.jpg,No
img1.jpg,img7.jpg,No
img1.jpg,img8.jpg,No
img1.jpg,img9.jpg,No
img1.jpg,img10.jpg,No
img1.jpg,img11.jpg,No
img1.jpg,img12.jpg,No
img1.jpg,img13.jpg,No
img1.jpg,img14.jpg,No
img1.jpg,img15.jpg,No
img1.jpg,img16.jpg,No
img1.jpg,img17.jpg,No
img1.jpg,img18.jpg,No
img1.jpg,img19.jpg,No
img1.jpg,img20.jpg,No
img1.jpg,img21.jpg,No
img1.jpg,img22.jpg,No
img1.jpg,img23.jpg,No
img1.jpg,img24.jpg,No
img1.jpg,img25.jpg,No
img1.jpg,img26.jpg,No
img1.jpg,img27.jpg,No
img1.jpg,img28.jpg,No
img1.jpg,img29.jpg,No
img1.jpg,img30.jpg,No
img1.jpg,img31.jpg,No
img1.jpg,img32.jpg,No
img1.jpg,img33.jpg,No
img1.jpg,img34.jpg,No
img1.jpg,img35.jpg,No
img1.jpg,img36.jpg,No
img1.jpg,img37.jpg,No
img1.jpg,img38.jpg,No
img1.jpg,img39.jpg,No
img1.jpg,img40.jpg,No
img1.jpg,img41.jpg,No
img1.jpg,img42.jpg,No
img1.jpg,img43.jpg,No
img1.jpg,img44.jpg,No
img1.jpg,img45.jpg,No
img1.jpg,img46.jpg,No
img1.jpg,img47.jpg,No
img1.jpg,img48.jpg,No
img2.jpg,img5.jpg,No
img2.jpg,img6.jpg,No
img2.jpg,img7.jpg,No
img2.jpg,img8.jpg,No
img2.jpg,img9.jpg,No
img2.jpg,img10.jpg,No
img2.jpg,img11.jpg,No
img2.jpg,img12.jpg,No
img2.jpg,img13.jpg,No
img2.jpg,img14.jpg,No
img2.jpg,img15.jpg,No
img2.jpg,img16.jpg,No
img2.jpg,img17.jpg,No
img2.jpg,img18.jpg,No
img2.jpg,img19.jpg,No
img2.jpg,img20.jpg,No
img2.jpg,img21.jpg,No
img2.jpg,img22.jpg,No
img2.jpg,img23.jpg,No
img2.jpg,img24.jpg,No
img2.jpg,img25.jpg,No
img2.jpg,img26.jpg,No
img2.jpg,img27.jpg,No
img2.jpg,img28.jpg,No
img2.jpg,img29.jpg,No
img2.jpg,img30.jpg,No
img2.jpg,img31.jpg,No
img2.jpg,img32.jpg,No
img2.jpg,img33.jpg,No
img2.jpg,img34.jpg,No
img2.jpg,img35.jpg,No
img2.jpg,img36.jpg,No
img2.jpg,img37.jpg,No
img2.jpg,img38.jpg,No
img2.jpg,img39.jpg,No
img2.jpg,img40.jpg,No
img2.jpg,img41.jpg,No
img2.jpg,img42.jpg,No
img2.jpg,img43.jpg,No
img2.jpg,img44.jpg,No
img2.jpg,img45.jpg,No
img2.jpg,img46.jpg,No
img2.jpg,img47.jpg,No
img2.jpg,img48.jpg,No
img3.jpg,img5.jpg,No
img3.jpg,img6.jpg,No
img3.jpg,img7.jpg,No
img3.jpg,img8.jpg,No
img3.jpg,img9.jpg,No
img3.jpg,img10.jpg,No
img3.jpg,img11.jpg,No
img3.jpg,img12.jpg,No
img3.jpg,img13.jpg,No
img3.jpg,img14.jpg,No
img3.jpg,img15.jpg,No
img3.jpg,img16.jpg,No
img3.jpg,img17.jpg,No
img3.jpg,img18.jpg,No
img3.jpg,img19.jpg,No
img3.jpg,img20.jpg,No
img3.jpg,img21.jpg,No
img3.jpg,img22.jpg,No
img3.jpg,img23.jpg,No
img3.jpg,img24.jpg,No
img3.jpg,img25.jpg,No
img3.jpg,img26.jpg,No
img3.jpg,img27.jpg,No
img3.jpg,img28.jpg,No
img3.jpg,img29.jpg,No
img3.jpg,img30.jpg,No
img3.jpg,img31.jpg,No
img3.jpg,img32.jpg,No
img3.jpg,img33.jpg,No
img3.jpg,img34.jpg,No
img3.jpg,img35.jpg,No
img3.jpg,img36.jpg,No
img3.jpg,img37.jpg,No
img3.jpg,img38.jpg,No
img3.jpg,img39.jpg,No
img3.jpg,img40.jpg,No
img3.jpg,img41.jpg,No
img3.jpg,img42.jpg,No
img3.jpg,img43.jpg,No
img3.jpg,img44.jpg,No
img3.jpg,img45.jpg,No
img3.jpg,img46.jpg,No
img3.jpg,img47.jpg,No
img3.jpg,img48.jpg,No
img4.jpg,img5.jpg,No
img4.jpg,img6.jpg,No
img4.jpg,img7.jpg,No
img4.jpg,img8.jpg,No
img4.jpg,img9.jpg,No
img4.jpg,img10.jpg,No
img4.jpg,img11.jpg,No
img4.jpg,img12.jpg,No
img4.jpg,img13.jpg,No
img4.jpg,img14.jpg,No
img4.jpg,img15.jpg,No
img4.jpg,img16.jpg,No
img4.jpg,img17.jpg,No
img4.jpg,img18.jpg,No
img4.jpg,img19.jpg,No
img4.jpg,img20.jpg,No
img4.jpg,img21.jpg,No
img4.jpg,img22.jpg,No
img4.jpg,img23.jpg,No
img4.jpg,img24.jpg,No
img4.jpg,img25.jpg,No
img4.jpg,img26.jpg,No
img4.jpg,img27.jpg,No
img4.jpg,img28.jpg,No
img4.jpg,img29.jpg,No
img4.jpg,img30.jpg,No
img4.jpg,img31.jpg,No
img4.jpg,img32.jpg,No
img4.jpg,img33.jpg,No
img4.jpg,img34.jpg,No
img4.jpg,img35.jpg,No
img4.jpg,img36.jpg,No
img4.jpg,img37.jpg,No
img4.jpg,img38.jpg,No
img4.jpg,img39.jpg,No
img4.jpg,img40.jpg,No
img4.jpg,img41.jpg,No
img4.jpg,img42.jpg,No
img4.jpg,img43.jpg,No
img4.jpg,img44.jpg,No
img4.jpg,img45.jpg,No
img4.jpg,img46.jpg,No
img4.jpg,img47.jpg,No
img4.jpg,img48.jpg,No
img5.jpg,img9.jpg,No
img5.jpg,img10.jpg,No
img5.jpg,img11.jpg,No
img5.jpg,img12.jpg,No
img5.jpg,img13.jpg,No
img5.jpg,img14.jpg,No
img5.jpg,img15.jpg,No
img5.jpg,img16.jpg,No
img5.jpg,img17.jpg,No
img5.jpg,img18.jpg,No
img5.jpg,img19.jpg,No
img5.jpg,img20.jpg,No
img5.jpg,img21.jpg,No
img5.jpg,img22.jpg,No
img5.jpg,img23.jpg,No
img5.jpg,img24.jpg,No
img5.jpg,img25.jpg,No
img5.jpg,img26.jpg,No
img5.jpg,img27.jpg,No
img5.jpg,img28.jpg,No
img5.jpg,img29.jpg,No
img5.jpg,img30.jpg,No
img5.jpg,img31.jpg,No
img5.jpg,img32.jpg,No
img5.jpg,img33.jpg,No
img5.jpg,img34.jpg,No
img5.jpg,img35.jpg,No
img5.jpg,img36.jpg,No
img5.jpg,img37.jpg,No
img5.jpg,img38.jpg,No
img5.jpg,img39.jpg,No
img5.jpg,img40.jpg,No
img5.jpg,img41.jpg,No
img5.jpg,img42.jpg,No
img5.jpg,img43.jpg,No
img5.jpg,img44.jpg,No
img5.jpg,img45.jpg,No
img5.jpg,img46.jpg,No
img5.jpg,img47.jpg,No
img5.jpg,img48.jpg,No
img6.jpg,img9.jpg,No
img6.jpg,img10.jpg,No
img6.jpg,img11.jpg,No
img6.jpg,img12.jpg,No
img6.jpg,img13.jpg,No
img6.jpg,img14.jpg,No
img6.jpg,img15.jpg,No
img6.jpg,img16.jpg,No
img6.jpg,img17.jpg,No
img6.jpg,img18.jpg,No
img6.jpg,img19.jpg,No
img6.jpg,img20.jpg,No
img6.jpg,img21.jpg,No
img6.jpg,img22.jpg,No
img6.jpg,img23.jpg,No
img6.jpg,img24.jpg,No
img6.jpg,img25.jpg,No
img6.jpg,img26.jpg,No
img6.jpg,img27.jpg,No
img6.jpg,img28.jpg,No
img6.jpg,img29.jpg,No
img6.jpg,img30.jpg,No
img6.jpg,img31.jpg,No
img6.jpg,img32.jpg,No
img6.jpg,img33.jpg,No
img6.jpg,img34.jpg,No
img6.jpg,img35.jpg,No
img6.jpg,img36.jpg,No
img6.jpg,img37.jpg,No
img6.jpg,img38.jpg,No
img6.jpg,img39.jpg,No
img6.jpg,img40.jpg,No
img6.jpg,img41.jpg,No
img6.jpg,img42.jpg,No
img6.jpg,img43.jpg,No
img6.jpg,img44.jpg,No
img6.jpg,img45.jpg,No
img6.jpg,img46.jpg,No
img6.jpg,img47.jpg,No
img6.jpg,img48.jpg,No
img7.jpg,img9.jpg,No
img7.jpg,img10.jpg,No
img7.jpg,img11.jpg,No
img7.jpg,img12.jpg,No
img7.jpg,img13.jpg,No
img7.jpg,img14.jpg,No
img7.jpg,img15.jpg,No
img7.jpg,img16.jpg,No
img7.jpg,img17.jpg,No
img7.jpg,img18.jpg,No
img7.jpg,img19.jpg,No
img7.jpg,img20.jpg,No
img7.jpg,img21.jpg,No
img7.jpg,img22.jpg,No
img7.jpg,img23.jpg,No
img7.jpg,img24.jpg,No
img7.jpg,img25.jpg,No
img7.jpg,img26.jpg,No
img7.jpg,img27.jpg,No
img7.jpg,img28.jpg,No
img7.jpg,img29.jpg,No
img7.jpg,img30.jpg,No
img7.jpg,img31.jpg,No
img7.jpg,img32.jpg,No
img7.jpg,img33.jpg,No
img7.jpg,img34.jpg,No
img7.jpg,img35.jpg,No
img7.jpg,img36.jpg,No
img7.jpg,img37.jpg,No
img7.jpg,img38.jpg,No
img7.jpg,img39.jpg,No
img7.jpg,img40.jpg,No
img7.jpg,img41.jpg,No
img7.jpg,img42.jpg,No
img7.jpg,img43.jpg,No
img7.jpg,img44.jpg,No
img7.jpg,img45.jpg,No
img7.jpg,img46.jpg,No
img7.jpg,img47.jpg,No
img7.jpg,img48.jpg,No
img8.jpg,img9.jpg,No
img8.jpg,img10.jpg,No
img8.jpg,img11.jpg,No
img8.jpg,img12.jpg,No
img8.jpg,img13.jpg,No
img8.jpg,img14.jpg,No
img8.jpg,img15.jpg,No
img8.jpg,img16.jpg,No
img8.jpg,img17.jpg,No
img8.jpg,img18.jpg,No
img8.jpg,img19.jpg,No
img8.jpg,img20.jpg,No
img8.jpg,img21.jpg,No
img8.jpg,img22.jpg,No
img8.jpg,img23.jpg,No
img8.jpg,img24.jpg,No
img8.jpg,img25.jpg,No
img8.jpg,img26.jpg,No
img8.jpg,img27.jpg,No
img8.jpg,img28.jpg,No
img8.jpg,img29.jpg,No
img8.jpg,img30.jpg,No
img8.jpg,img31.jpg,No
img8.jpg,img32.jpg,No
img8.jpg,img33.jpg,No
img8.jpg,img34.jpg,No
img8.jpg,img35.jpg,No
img8.jpg,img36.jpg,No
img8.jpg,img37.jpg,No
img8.jpg,img38.jpg,No
img8.jpg,img39.jpg,No
img8.jpg,img40.jpg,No
img8.jpg,img41.jpg,No
img8.jpg,img42.jpg,No
img8.jpg,img43.jpg,No
img8.jpg,img44.jpg,No
img8.jpg,img45.jpg,No
img8.jpg,img46.jpg,No
img8.jpg,img47.jpg,No
img8.jpg,img48.jpg,No
img9.jpg,img13.jpg,No
img9.jpg,img14.jpg,No
img9.jpg,img15.jpg,No
img9.jpg,img16.jpg,No
img9.jpg,img17.jpg,No
img9.jpg,img18.jpg,No
img9.jpg,img19.jpg,No
img9.jpg,img20.jpg,No
img9.jpg,img21.jpg,No
img9.jpg,img22.jpg,No
img9.jpg,img23.jpg,No
img9.jpg,img24.jpg,No
img9.jpg,img25.jpg,No
img9.jpg,img26.jpg,No
img9.jpg,img27.jpg,No
img9.jpg,img28.jpg,No
img9.jpg,img29.jpg,No
img9.jpg,img30.jpg,No
img9.jpg,img31.jpg,No
img9.jpg,img32.jpg,No
img9.jpg,img33.jpg,No
img9.jpg,img34.jpg,No
img9.jpg,img35.jpg,No
img9.jpg,img36.jpg,No
img9.jpg,img37.jpg,No
img9.jpg,img38.jpg,No
img9.jpg,img39.jpg,No
img9.jpg,img40.jpg,No
img9.jpg,img41.jpg,No
img9.jpg,img42.jpg,No
img9.jpg,img43.jpg,No
img9.jpg,img44.jpg,No
img9.jpg,img45.jpg,No
img9.jpg,img46.jpg,No
img9.jpg,img47.jpg,No
img9.jpg,img48.jpg,No
img10.jpg,img13.jpg,No
img10.jpg,img14.jpg,No
img10.jpg,img15.jpg,No
img10.jpg,img16.jpg,No
img10.jpg,img17.jpg,No
img10.jpg,img18.jpg,No
img10.jpg,img19.jpg,No
img10.jpg,img20.jpg,No
img10.jpg,img21.jpg,No
img10.jpg,img22.jpg,No
img10.jpg,img23.jpg,No
img10.jpg,img24.jpg,No
img10.jpg,img25.jpg,No
img10.jpg,img26.jpg,No
img10.jpg,img27.jpg,No
img10.jpg,img28.jpg,No
img10.jpg,img29.jpg,No
img10.jpg,img30.jpg,No
img10.jpg,img31.jpg,No
img10.jpg,img32.jpg,No
img10.jpg,img33.jpg,No
img10.jpg,img34.jpg,No
img10.jpg,img35.jpg,No
img10.jpg,img36.jpg,No
img10.jpg,img37.jpg,No
img10.jpg,img38.jpg,No
img10.jpg,img39.jpg,No
img10.jpg,img40.jpg,No
img10.jpg,img41.jpg,No
img10.jpg,img42.jpg,No
img10.jpg,img43.jpg,No
img10.jpg,img44.jpg,No
img10.jpg,img45.jpg,No
img10.jpg,img46.jpg,No
img10.jpg,img47.jpg,No
img10.jpg,img48.jpg,No
img11.jpg,img13.jpg,No
img11.jpg,img14.jpg,No
img11.jpg,img15.jpg,No
img11.jpg,img16.jpg,No
img11.jpg,img17.jpg,No
img11.jpg,img18.jpg,No
img11.jpg,img19.jpg,No
img11.jpg,img20.jpg,No
img11.jpg,img21.jpg,No
img11.jpg,img22.jpg,No
img11.jpg,img23.jpg,No
img11.jpg,img24.jpg,No
img11.jpg,img25.jpg,No
img11.jpg,img26.jpg,No
img11.jpg,img27.jpg,No
img11.jpg,img28.jpg,No
img11.jpg,img29.jpg,No
img11.jpg,img30.jpg,No
img11.jpg,img31.jpg,No
img11.jpg,img32.jpg,No
img11.jpg,img33.jpg,No
img11.jpg,img34.jpg,No
img11.jpg,img35.jpg,No
img11.jpg,img36.jpg,No
img11.jpg,img37.jpg,No
img11.jpg,img38.jpg,No
img11.jpg,img39.jpg,No
img11.jpg,img40.jpg,No
img11.jpg,img41.jpg,No
img11.jpg,img42.jpg,No
img11.jpg,img43.jpg,No
img11.jpg,img44.jpg,No
img11.jpg,img45.jpg,No
img11.jpg,img46.jpg,No
img11.jpg,img47.jpg,No
img11.jpg,img48.jpg,No
img12.jpg,img13.jpg,No
img12.jpg,img14.jpg,No
img12.jpg,img15.jpg,No
img12.jpg,img16.jpg,No
img12.jpg,img17.jpg,No
img12.jpg,img18.jpg,No
img12.jpg,img19.jpg,No
img12.jpg,img20.jpg,No
img12.jpg,img21.jpg,No
img12.jpg,img22.jpg,No
img12.jpg,img23.jpg,No
img12.jpg,img24.jpg,No
img12.jpg,img25.jpg,No
img12.jpg,img26.jpg,No
img12.jpg,img27.jpg,No
img12.jpg,img28.jpg,No
img12.jpg,img29.jpg,No
img12.jpg,img30.jpg,No
img12.jpg,img31.jpg,No
img12.jpg,img32.jpg,No
img12.jpg,img33.jpg,No
img12.jpg,img34.jpg,No
img12.jpg,img35.jpg,No
img12.jpg,img36.jpg,No
img12.jpg,img37.jpg,No
img12.jpg,img38.jpg,No
img12.jpg,img39.jpg,No
img12.jpg,img40.jpg,No
img12.jpg,img41.jpg,No
img12.jpg,img42.jpg,No
img12.jpg,img43.jpg,No
img12.jpg,img44.jpg,No
img12.jpg,img45.jpg,No
img12.jpg,img46.jpg,No
img12.jpg,img47.jpg,No
img12.jpg,img48.jpg,No
img13.jpg,img17.jpg,No
img13.jpg,img18.jpg,No
img13.jpg,img19.jpg,No
img13.jpg,img20.jpg,No
img13.jpg,img21.jpg,No
img13.jpg,img22.jpg,No
img13.jpg,img23.jpg,No
img13.jpg,img24.jpg,No
img13.jpg,img25.jpg,No
img13.jpg,img26.jpg,No
img13.jpg,img27.jpg,No
img13.jpg,img28.jpg,No
img13.jpg,img29.jpg,No
img13.jpg,img30.jpg,No
img13.jpg,img31.jpg,No
img13.jpg,img32.jpg,No
img13.jpg,img33.jpg,No
img13.jpg,img34.jpg,No
img13.jpg,img35.jpg,No
img13.jpg,img36.jpg,No
img13.jpg,img37.jpg,No
img13.jpg,img38.jpg,No
img13.jpg,img39.jpg,No
img13.jpg,img40.jpg,No
img13.jpg,img41.jpg,No
img13.jpg,img42.jpg,No
img13.jpg,img43.jpg,No
img13.jpg,img44.jpg,No
img13.jpg,img45.jpg,No
img13.jpg,img46.jpg,No
img13.jpg,img47.jpg,No
img13.jpg,img48.jpg,No
img14.jpg,img17.jpg,No
img14.jpg,img18.jpg,No
img14.jpg,img19.jpg,No
img14.jpg,img20.jpg,No
img14.jpg,img21.jpg,No
img14.jpg,img22.jpg,No
img14.jpg,img23.jpg,No
img14.jpg,img24.jpg,No
img14.jpg,img25.jpg,No
img14.jpg,img26.jpg,No
img14.jpg,img27.jpg,No
img14.jpg,img28.jpg,No
img14.jpg,img29.jpg,No
img14.jpg,img30.jpg,No
img14.jpg,img31.jpg,No
img14.jpg,img32.jpg,No
img14.jpg,img33.jpg,No
img14.jpg,img34.jpg,No
img14.jpg,img35.jpg,No
img14.jpg,img36.jpg,No
img14.jpg,img37.jpg,No
img14.jpg,img38.jpg,No
img14.jpg,img39.jpg,No
img14.jpg,img40.jpg,No
img14.jpg,img41.jpg,No
img14.jpg,img42.jpg,No
img14.jpg,img43.jpg,No
img14.jpg,img44.jpg,No
img14.jpg,img45.jpg,No
img14.jpg,img46.jpg,No
img14.jpg,img47.jpg,No
img14.jpg,img48.jpg,No
img15.jpg,img17.jpg,No
img15.jpg,img18.jpg,No
img15.jpg,img19.jpg,No
img15.jpg,img20.jpg,No
img15.jpg,img21.jpg,No
img15.jpg,img22.jpg,No
img15.jpg,img23.jpg,No
img15.jpg,img24.jpg,No
img15.jpg,img25.jpg,No
img15.jpg,img26.jpg,No
img15.jpg,img27.jpg,No
img15.jpg,img28.jpg,No
img15.jpg,img29.jpg,No
img15.jpg,img30.jpg,No
img15.jpg,img31.jpg,No
img15.jpg,img32.jpg,No
img15.jpg,img33.jpg,No
img15.jpg,img34.jpg,No
img15.jpg,img35.jpg,No
img15.jpg,img36.jpg,No
img15.jpg,img37.jpg,No
img15.jpg,img38.jpg,No
img15.jpg,img39.jpg,No
img15.jpg,img40.jpg,No
img15.jpg,img41.jpg,No
img15.jpg,img42.jpg,No
img15.jpg,img43.jpg,No
img15.jpg,img44.jpg,No
img15.jpg,img45.jpg,No
img15.jpg,img46.jpg,No
img15.jpg,img47.jpg,No
img15.jpg,img48.jpg,No
img16.jpg,img17.jpg,No
img16.jpg,img18.jpg,No
img16.jpg,img19.jpg,No
img16.jpg,img20.jpg,No
img16.jpg,img21.jpg,No
img16.jpg,img22.jpg,No
img16.jpg,img23.jpg,No
img16.jpg,img24.jpg,No
img16.jpg,img25.jpg,No
img16.jpg,img26.jpg,No
img16.jpg,img27.jpg,No
img16.jpg,img28.jpg,No
img16.jpg,img29.jpg,No
img16.jpg,img30.jpg,No
img16.jpg,img31.jpg,No
img16.jpg,img32.jpg,No
img16.jpg,img33.jpg,No
img16.jpg,img34.jpg,No
img16.jpg,img35.jpg,No
img16.jpg,img36.jpg,No
img16.jpg,img37.jpg,No
img16.jpg,img38.jpg,No
img16.jpg,img39.jpg,No
img16.jpg,img40.jpg,No
img16.jpg,img41.jpg,No
img16.jpg,img42.jpg,No
img16.jpg,img43.jpg,No
img16.jpg,img44.jpg,No
img16.jpg,img45.jpg,No
img16.jpg,img46.jpg,No
img16.jpg,img47.jpg,No
img16.jpg,img48.jpg,No
img17.jpg,img21.jpg,No
img17.jpg,img22.jpg,No
img17.jpg,img23.jpg,No
img17.jpg,img24.jpg,No
img17.jpg,img25.jpg,No
img17.jpg,img26.jpg,No
img17.jpg,img27.jpg,No
img17.jpg,img28.jpg,No
img17.jpg,img29.jpg,No
img17.jpg,img30.jpg,No
img17.jpg,img31.jpg,No
img17.jpg,img32.jpg,No
img17.jpg,img33.jpg,No
img17.jpg,img34.jpg,No
img17.jpg,img35.jpg,No
img17.jpg,img36.jpg,No
img17.jpg,img37.jpg,No
img17.jpg,img38.jpg,No
img17.jpg,img39.jpg,No
img17.jpg,img40.jpg,No
img17.jpg,img41.jpg,No
img17.jpg,img42.jpg,No
img17.jpg,img43.jpg,No
img17.jpg,img44.jpg,No
img17.jpg,img45.jpg,No
img17.jpg,img46.jpg,No
img17.jpg,img47.jpg,No
img17.jpg,img48.jpg,No
img18.jpg,img21.jpg,No
img18.jpg,img22.jpg,No
img18.jpg,img23.jpg,No
img18.jpg,img24.jpg,No
img18.jpg,img25.jpg,No
img18.jpg,img26.jpg,No
img18.jpg,img27.jpg,No
img18.jpg,img28.jpg,No
img18.jpg,img29.jpg,No
img18.jpg,img30.jpg,No
img18.jpg,img31.jpg,No
img18.jpg,img32.jpg,No
img18.jpg,img33.jpg,No
img18.jpg,img34.jpg,No
img18.jpg,img35.jpg,No
img18.jpg,img36.jpg,No
img18.jpg,img37.jpg,No
img18.jpg,img38.jpg,No
img18.jpg,img39.jpg,No
img18.jpg,img40.jpg,No
img18.jpg,img41.jpg,No
img18.jpg,img42.jpg,No
img18.jpg,img43.jpg,No
img18.jpg,img44.jpg,No
img18.jpg,img45.jpg,No
img18.jpg,img46.jpg,No
img18.jpg,img47.jpg,No
img18.jpg,img48.jpg,No
img19.jpg,img21.jpg,No
img19.jpg,img22.jpg,No
img19.jpg,img23.jpg,No
img19.jpg,img24.jpg,No
img19.jpg,img25.jpg,No
img19.jpg,img26.jpg,No
img19.jpg,img27.jpg,No
img19.jpg,img28.jpg,No
img19.jpg,img29.jpg,No
img19.jpg,img30.jpg,No
img19.jpg,img31.jpg,No
img19.jpg,img32.jpg,No
img19.jpg,img33.jpg,No
img19.jpg,img34.jpg,No
img19.jpg,img35.jpg,No
img19.jpg,img36.jpg,No
img19.jpg,img37.jpg,No
img19.jpg,img38.jpg,No
img19.jpg,img39.jpg,No
img19.jpg,img40.jpg,No
img19.jpg,img41.jpg,No
img19.jpg,img42.jpg,No
img19.jpg,img43.jpg,No
img19.jpg,img44.jpg,No
img19.jpg,img45.jpg,No
img19.jpg,img46.jpg,No
img19.jpg,img47.jpg,No
img19.jpg,img48.jpg,No
img20.jpg,img21.jpg,No
img20.jpg,img22.jpg,No
img20.jpg,img23.jpg,No
img20.jpg,img24.jpg,No
img20.jpg,img25.jpg,No
img20.jpg,img26.jpg,No
img20.jpg,img27.jpg,No
img20.jpg,img28.jpg,No
img20.jpg,img29.jpg,No
img20.jpg,img30.jpg,No
img20.jpg,img31.jpg,No
img20.jpg,img32.jpg,No
img20.jpg,img33.jpg,No
img20.jpg,img34.jpg,No
img20.jpg,img35.jpg,No
img20.jpg,img36.jpg,No
img20.jpg,img37.jpg,No
img20.jpg,img38.jpg,No
img20.jpg,img39.jpg,No
img20.jpg,img40.jpg,No
img20.jpg,img41.jpg,No
img20.jpg,img42.jpg,No
img20.jpg,img43.jpg,No
img20.jpg,img44.jpg,No
img20.jpg,img45.jpg,No
img20.jpg,img46.jpg,No
img20.jpg,img47.jpg,No
img20.jpg,img48.jpg,No
img21.jpg,img25.jpg,No
img21.jpg,img26.jpg,No
img21.jpg,img27.jpg,No
img21.jpg,img28.jpg,No
img21.jpg,img29.jpg,No
img21.jpg,img30.jpg,No
img21.jpg,img31.jpg,No
img21.jpg,img32.jpg,No
img21.jpg,img33.jpg,No
img21.jpg,img34.jpg,No
img21.jpg,img35.jpg,No
img21.jpg,img36.jpg,No
img21.jpg,img37.jpg,No
img21.jpg,img38.jpg,No
img21.jpg,img39.jpg,No
img21.jpg,img40.jpg,No
img21.jpg,img41.jpg,No
img21.jpg,img42.jpg,No
img21.jpg,img43.jpg,No
img21.jpg,img44.jpg,No
img21.jpg,img45.jpg,No
img21.jpg,img46.jpg,No
img21.jpg,img47.jpg,No
img21.jpg,img48.jpg,No
img22.jpg,img25.jpg,No
img22.jpg,img26.jpg,No
img22.jpg,img27.jpg,No
img22.jpg,img28.jpg,No
img22.jpg,img29.jpg,No
img22.jpg,img30.jpg,No
img22.jpg,img31.jpg,No
img22.jpg,img32.jpg,No
img22.jpg,img33.jpg,No
img22.jpg,img34.jpg,No
img22.jpg,img35.jpg,No
img22.jpg,img36.jpg,No
img22.jpg,img37.jpg,No
img22.jpg,img38.jpg,No
img22.jpg,img39.jpg,No
img22.jpg,img40.jpg,No
img22.jpg,img41.jpg,No
img22.jpg,img42.jpg,No
img22.jpg,img43.jpg,No
img22.jpg,img44.jpg,No
img22.jpg,img45.jpg,No
img22.jpg,img46.jpg,No
img22.jpg,img47.jpg,No
img22.jpg,img48.jpg,No
img23.jpg,img25.jpg,No
img23.jpg,img26.jpg,No
img23.jpg,img27.jpg,No
img23.jpg,img28.jpg,No
img23.jpg,img29.jpg,No
img23.jpg,img30.jpg,No
img23.jpg,img31.jpg,No
img23.jpg,img32.jpg,No
img23.jpg,img33.jpg,No
img23.jpg,img34.jpg,No
img23.jpg,img35.jpg,No
img23.jpg,img36.jpg,No
img23.jpg,img37.jpg,No
img23.jpg,img38.jpg,No
img23.jpg,img39.jpg,No
img23.jpg,img40.jpg,No
img23.jpg,img41.jpg,No
img23.jpg,img42.jpg,No
img23.jpg,img43.jpg,No
img23.jpg,img44.jpg,No
img23.jpg,img45.jpg,No
img23.jpg,img46.jpg,No
img23.jpg,img47.jpg,No
img23.jpg,img48.jpg,No
img24.jpg,img25.jpg,No
img24.jpg,img26.jpg,No
img24.jpg,img27.jpg,No
img24.jpg,img28.jpg,No
img24.jpg,img29.jpg,No
img24.jpg,img30.jpg,No
img24.jpg,img31.jpg,No
img24.jpg,img32.jpg,No
img24.jpg,img33.jpg,No
img24.jpg,img34.jpg,No
img24.jpg,img35.jpg,No
img24.jpg,img36.jpg,No
img24.jpg,img37.jpg,No
img24.jpg,img38.jpg,No
img24.jpg,img39.jpg,No
img24.jpg,img40.jpg,No
img24.jpg,img41.jpg,No
img24.jpg,img42.jpg,No
img24.jpg,img43.jpg,No
img24.jpg,img44.jpg,No
img24.jpg,img45.jpg,No
img24.jpg,img46.jpg,No
img24.jpg,img47.jpg,No
img24.jpg,img48.jpg,No
img25.jpg,img29.jpg,No
img25.jpg,img30.jpg,No
img25.jpg,img31.jpg,No
img25.jpg,img32.jpg,No
img25.jpg,img33.jpg,No
img25.jpg,img34.jpg,No
img25.jpg,img35.jpg,No
img25.jpg,img36.jpg,No
img25.jpg,img37.jpg,No
img25.jpg,img38.jpg,No
img25.jpg,img39.jpg,No
img25.jpg,img40.jpg,No
img25.jpg,img41.jpg,No
img25.jpg,img42.jpg,No
img25.jpg,img43.jpg,No
img25.jpg,img44.jpg,No
img25.jpg,img45.jpg,No
img25.jpg,img46.jpg,No
img25.jpg,img47.jpg,No
img25.jpg,img48.jpg,No
img26.jpg,img29.jpg,No
img26.jpg,img30.jpg,No
img26.jpg,img31.jpg,No
img26.jpg,img32.jpg,No
img26.jpg,img33.jpg,No
img26.jpg,img34.jpg,No
img26.jpg,img35.jpg,No
img26.jpg,img36.jpg,No
img26.jpg,img37.jpg,No
img26.jpg,img38.jpg,No
img26.jpg,img39.jpg,No
img26.jpg,img40.jpg,No
img26.jpg,img41.jpg,No
img26.jpg,img42.jpg,No
img26.jpg,img43.jpg,No
img26.jpg,img44.jpg,No
img26.jpg,img45.jpg,No
img26.jpg,img46.jpg,No
img26.jpg,img47.jpg,No
img26.jpg,img48.jpg,No
img27.jpg,img29.jpg,No
img27.jpg,img30.jpg,No
img27.jpg,img31.jpg,No
img27.jpg,img32.jpg,No
img27.jpg,img33.jpg,No
img27.jpg,img34.jpg,No
img27.jpg,img35.jpg,No
img27.jpg,img36.jpg,No
img27.jpg,img37.jpg,No
img27.jpg,img38.jpg,No
img27.jpg,img39.jpg,No
img27.jpg,img40.jpg,No
img27.jpg,img41.jpg,No
img27.jpg,img42.jpg,No
img27.jpg,img43.jpg,No
img27.jpg,img44.jpg,No
img27.jpg,img45.jpg,No
img27.jpg,img46.jpg,No
img27.jpg,img47.jpg,No
img27.jpg,img48.jpg,No
img28.jpg,img29.jpg,No
img28.jpg,img30.jpg,No
img28.jpg,img31.jpg,No
img28.jpg,img32.jpg,No
img28.jpg,img33.jpg,No
img28.jpg,img34.jpg,No
img28.jpg,img35.jpg,No
img28.jpg,img36.jpg,No
img28.jpg,img37.jpg,No
img28.jpg,img38.jpg,No
img28.jpg,img39.jpg,No
img28.jpg,img40.jpg,No
img28.jpg,img41.jpg,No
img28.jpg,img42.jpg,No
img28.jpg,img43.jpg,No
img28.jpg,img44.jpg,No
img28.jpg,img45.jpg,No
img28.jpg,img46.jpg,No
img28.jpg,img47.jpg,No
img28.jpg,img48.jpg,No
img29.jpg,img33.jpg,No
img29.jpg,img34.jpg,No
img29.jpg,img35.jpg,No
img29.jpg,img36.jpg,No
img29.jpg,img37.jpg,No
img29.jpg,img38.jpg,No
img29.jpg,img39.jpg,No
img29.jpg,img40.jpg,No
img29.jpg,img41.jpg,No
img29.jpg,img42.jpg,No
img29.jpg,img43.jpg,No
img29.jpg,img44.jpg,No
img29.jpg,img45.jpg,No
img29.jpg,img46.jpg,No
img29.jpg,img47.jpg,No
img29.jpg,img48.jpg,No
img30.jpg,img33.jpg,No
img30.jpg,img34.jpg,No
img30.jpg,img35.jpg,No
img30.jpg,img36.jpg,No
img30.jpg,img37.jpg,No
img30.jpg,img38.jpg,No
img30.jpg,img39.jpg,No
img30.jpg,img40.jpg,No
img30.jpg,img41.jpg,No
img30.jpg,img42.jpg,No
img30.jpg,img43.jpg,No
img30.jpg,img44.jpg,No
img30.jpg,img45.jpg,No
img30.jpg,img46.jpg,No
img30.jpg,img47.jpg,No
img30.jpg,img48.jpg,No
img31.jpg,img33.jpg,No
img31.jpg,img34.jpg,No
img31.jpg,img35.jpg,No
img31.jpg,img36.jpg,No
img31.jpg,img37.jpg,No
img31.jpg,img38.jpg,No
img31.jpg,img39.jpg,No
img31.jpg,img40.jpg,No
img31.jpg,img41.jpg,No
img31.jpg,img42.jpg,No
img31.jpg,img43.jpg,No
img31.jpg,img44.jpg,No
img31.jpg,img45.jpg,No
img31.jpg,img46.jpg,No
img31.jpg,img47.jpg,No
img31.jpg,img48.jpg,No
img32.jpg,img33.jpg,No
img32.jpg,img34.jpg,No
img32.jpg,img35.jpg,No
img32.jpg,img36.jpg,No
img32.jpg,img37.jpg,No
img32.jpg,img38.jpg,No
img32.jpg,img39.jpg,No
img32.jpg,img40.jpg,No
img32.jpg,img41.jpg,No
img32.jpg,img42.jpg,No
img32.jpg,img43.jpg,No
img32.jpg,img44.jpg,No
img32.jpg,img45.jpg,No
img32.jpg,img46.jpg,No
img32.jpg,img47.jpg,No
img32.jpg,img48.jpg,No
img33.jpg,img37.jpg,No
img33.jpg,img38.jpg,No
img33.jpg,img39.jpg,No
img33.jpg,img40.jpg,No
img33.jpg,img41.jpg,No
img33.jpg,img42.jpg,No
img33.jpg,img43.jpg,No
img33.jpg,img44.jpg,No
img33.jpg,img45.jpg,No
img33.jpg,img46.jpg,No
img33.jpg,img47.jpg,No
img33.jpg,img48.jpg,No
img34.jpg,img37.jpg,No
img34.jpg,img38.jpg,No
img34.jpg,img39.jpg,No
img34.jpg,img40.jpg,No
img34.jpg,img41.jpg,No
img34.jpg,img42.jpg,No
img34.jpg,img43.jpg,No
img34.jpg,img44.jpg,No
img34.jpg,img45.jpg,No
img34.jpg,img46.jpg,No
img34.jpg,img47.jpg,No
img34.jpg,img48.jpg,No
img35.jpg,img37.jpg,No
img35.jpg,img38.jpg,No
img35.jpg,img39.jpg,No
img35.jpg,img40.jpg,No
img35.jpg,img41.jpg,No
img35.jpg,img42.jpg,No
img35.jpg,img43.jpg,No
img35.jpg,img44.jpg,No
img35.jpg,img45.jpg,No
img35.jpg,img46.jpg,No
img35.jpg,img47.jpg,No
img35.jpg,img48.jpg,No
img36.jpg,img37.jpg,No
img36.jpg,img38.jpg,No
img36.jpg,img39.jpg,No
img36.jpg,img40.jpg,No
img36.jpg,img41.jpg,No
img36.jpg,img42.jpg,No
img36.jpg,img43.jpg,No
img36.jpg,img44.jpg,No
img36.jpg,img45.jpg,No
img36.jpg,img46.jpg,No
img36.jpg,img47.jpg,No
img36.jpg,img48.jpg,No
img37.jpg,img41.jpg,No
img37.jpg,img42.jpg,No
img37.jpg,img43.jpg,No
img37.jpg,img44.jpg,No
img37.jpg,img45.jpg,No
img37.jpg,img46.jpg,No
img37.jpg,img47.jpg,No
img37.jpg,img48.jpg,No
img38.jpg,img41.jpg,No
img38.jpg,img42.jpg,No
img38.jpg,img43.jpg,No
img38.jpg,img44.jpg,No
img38.jpg,img45.jpg,No
img38.jpg,img46.jpg,No
img38.jpg,img47.jpg,No
img38.jpg,img48.jpg,No
img39.jpg,img41.jpg,No
img39.jpg,img42.jpg,No
img39.jpg,img43.jpg,No
img39.jpg,img44.jpg,No
img39.jpg,img45.jpg,No
img39.jpg,img46.jpg,No
img39.jpg,img47.jpg,No
img39.jpg,img48.jpg,No
img40.jpg,img41.jpg,No
img40.jpg,img42.jpg,No
img40.jpg,img43.jpg,No
img40.jpg,img44.jpg,No
img40.jpg,img45.jpg,No
img40.jpg,img46.jpg,No
img40.jpg,img47.jpg,No
img40.jpg,img48.jpg,No
img41.jpg,img45.jpg,No
img41.jpg,img46.jpg,No
img41.jpg,img47.jpg,No
img41.jpg,img48.jpg,No
img42.jpg,img45.jpg,No
img42.jpg,img46.jpg,No
img42.jpg,img47.jpg,No
img42.jpg,img48.jpg,No
img43.jpg,img45.jpg,No
img43.jpg,img46.jpg,No
img43.jpg,img47.jpg,No
img43.jpg,img48.jpg,No
img44.jpg,img45.jpg,No
img44.jpg,img46.jpg,No
img44.jpg,img47.jpg,No
img44.jpg,img48.jpg,No
